activity,group_type,group,participants
Adventure racing,Total,Total,16342
Adventure racing,Sex,Male,9490
Adventure racing,Sex,Female,5806
Adventure racing,Age,15-17,0
Adventure racing,Age,18-24,4712
Adventure racing,Age,25-34,5309
Adventure racing,Age,35-44,3794
Adventure racing,Age,45-54,2175
Adventure racing,Age,55-64,0
Adventure racing,Age,65+,354
Air sports,Total,Total,50734
Air sports,Sex,Male,34679
Air sports,Sex,Female,16055
Air sports,Age,15-17,3556
Air sports,Age,18-24,12552
Air sports,Age,25-34,15891
Air sports,Age,35-44,8371
Air sports,Age,45-54,4092
Air sports,Age,55-64,3601
Air sports,Age,65+,2670
Archery,Total,Total,40602
Archery,Sex,Male,26956
Archery,Sex,Female,13646
Archery,Age,15-17,2855
Archery,Age,18-24,3982
Archery,Age,25-34,11925
Archery,Age,35-44,10713
Archery,Age,45-54,6424
Archery,Age,55-64,3332
Archery,Age,65+,1371
"Athletics, track and field",Total,Total,298311
"Athletics, track and field",Sex,Male,192948
"Athletics, track and field",Sex,Female,105364
"Athletics, track and field",Age,15-17,58056
"Athletics, track and field",Age,18-24,72476
"Athletics, track and field",Age,25-34,86809
"Athletics, track and field",Age,35-44,41792
"Athletics, track and field",Age,45-54,19972
"Athletics, track and field",Age,55-64,9758
"Athletics, track and field",Age,65+,9448
Australian football,Total,Total,547129
Australian football,Sex,Male,422275
Australian football,Sex,Female,123909
Australian football,Age,15-17,60908
Australian football,Age,18-24,148853
Australian football,Age,25-34,193357
Australian football,Age,35-44,80489
Australian football,Age,45-54,46154
Australian football,Age,55-64,13812
Australian football,Age,65+,3555
Badminton,Total,Total,426925
Badminton,Sex,Male,247052
Badminton,Sex,Female,178209
Badminton,Age,15-17,91536
Badminton,Age,18-24,103744
Badminton,Age,25-34,120798
Badminton,Age,35-44,67048
Badminton,Age,45-54,27230
Badminton,Age,55-64,9494
Badminton,Age,65+,7075
Baseball,Total,Total,70050
Baseball,Sex,Male,51847
Baseball,Sex,Female,18204
Baseball,Age,15-17,7220
Baseball,Age,18-24,13512
Baseball,Age,25-34,19274
Baseball,Age,35-44,15366
Baseball,Age,45-54,12265
Baseball,Age,55-64,1711
Baseball,Age,65+,704
Basketball,Total,Total,1024360
Basketball,Sex,Male,758262
Basketball,Sex,Female,263310
Basketball,Age,15-17,174376
Basketball,Age,18-24,289627
Basketball,Age,25-34,250822
Basketball,Age,35-44,187823
Basketball,Age,45-54,87488
Basketball,Age,55-64,24246
Basketball,Age,65+,9978
Baton twirling,Total,Total,2672
Baton twirling,Sex,Male,1711
Baton twirling,Sex,Female,961
Baton twirling,Age,15-17,0
Baton twirling,Age,18-24,513
Baton twirling,Age,25-34,992
Baton twirling,Age,35-44,0
Baton twirling,Age,45-54,1167
Baton twirling,Age,55-64,0
Baton twirling,Age,65+,0
Biathlon,Total,Total,1309
Biathlon,Sex,Male,1309
Biathlon,Sex,Female,0
Biathlon,Age,15-17,0
Biathlon,Age,18-24,659
Biathlon,Age,25-34,0
Biathlon,Age,35-44,650
Biathlon,Age,45-54,0
Biathlon,Age,55-64,0
Biathlon,Age,65+,0
Billiards/Snooker/Pool,Total,Total,68765
Billiards/Snooker/Pool,Sex,Male,47120
Billiards/Snooker/Pool,Sex,Female,21645
Billiards/Snooker/Pool,Age,15-17,4285
Billiards/Snooker/Pool,Age,18-24,9711
Billiards/Snooker/Pool,Age,25-34,19770
Billiards/Snooker/Pool,Age,35-44,10621
Billiards/Snooker/Pool,Age,45-54,8457
Billiards/Snooker/Pool,Age,55-64,8005
Billiards/Snooker/Pool,Age,65+,7918
BMX,Total,Total,6337
BMX,Sex,Male,3504
BMX,Sex,Female,2833
BMX,Age,15-17,0
BMX,Age,18-24,1039
BMX,Age,25-34,1015
BMX,Age,35-44,2384
BMX,Age,45-54,1899
BMX,Age,55-64,0
BMX,Age,65+,0
Bobsledding,Total,Total,428
Bobsledding,Sex,Male,0
Bobsledding,Sex,Female,428
Bobsledding,Age,15-17,0
Bobsledding,Age,18-24,0
Bobsledding,Age,25-34,0
Bobsledding,Age,35-44,0
Bobsledding,Age,45-54,428
Bobsledding,Age,55-64,0
Bobsledding,Age,65+,0
Bocce/Boules,Total,Total,3157
Bocce/Boules,Sex,Male,1426
Bocce/Boules,Sex,Female,1731
Bocce/Boules,Age,15-17,0
Bocce/Boules,Age,18-24,0
Bocce/Boules,Age,25-34,0
Bocce/Boules,Age,35-44,1399
Bocce/Boules,Age,45-54,0
Bocce/Boules,Age,55-64,1385
Bocce/Boules,Age,65+,373
Boccia,Total,Total,0
Boccia,Sex,Male,0
Boccia,Sex,Female,0
Boccia,Age,15-17,0
Boccia,Age,18-24,0
Boccia,Age,25-34,0
Boccia,Age,35-44,0
Boccia,Age,45-54,0
Boccia,Age,55-64,0
Boccia,Age,65+,0
Body building,Total,Total,9330
Body building,Sex,Male,8429
Body building,Sex,Female,901
Body building,Age,15-17,0
Body building,Age,18-24,2488
Body building,Age,25-34,5363
Body building,Age,35-44,711
Body building,Age,45-54,0
Body building,Age,55-64,0
Body building,Age,65+,768
Boomerang throwing,Total,Total,3392
Boomerang throwing,Sex,Male,3392
Boomerang throwing,Sex,Female,0
Boomerang throwing,Age,15-17,2123
Boomerang throwing,Age,18-24,0
Boomerang throwing,Age,25-34,568
Boomerang throwing,Age,35-44,701
Boomerang throwing,Age,45-54,0
Boomerang throwing,Age,55-64,0
Boomerang throwing,Age,65+,0
Bowls,Total,Total,188846
Bowls,Sex,Male,123100
Bowls,Sex,Female,65746
Bowls,Age,15-17,1486
Bowls,Age,18-24,2293
Bowls,Age,25-34,11740
Bowls,Age,35-44,9238
Bowls,Age,45-54,14198
Bowls,Age,55-64,31116
Bowls,Age,65+,118775
Boxing,Total,Total,191913
Boxing,Sex,Male,107777
Boxing,Sex,Female,83242
Boxing,Age,15-17,9906
Boxing,Age,18-24,43450
Boxing,Age,25-34,63915
Boxing,Age,35-44,37324
Boxing,Age,45-54,24899
Boxing,Age,55-64,9855
Boxing,Age,65+,2564
Broomball,Total,Total,546
Broomball,Sex,Male,0
Broomball,Sex,Female,546
Broomball,Age,15-17,0
Broomball,Age,18-24,0
Broomball,Age,25-34,0
Broomball,Age,35-44,546
Broomball,Age,45-54,0
Broomball,Age,55-64,0
Broomball,Age,65+,0
Bush walking,Total,Total,3953952
Bush walking,Sex,Male,1808265
Bush walking,Sex,Female,2126762
Bush walking,Age,15-17,147391
Bush walking,Age,18-24,429534
Bush walking,Age,25-34,826183
Bush walking,Age,35-44,832776
Bush walking,Age,45-54,658178
Bush walking,Age,55-64,604298
Bush walking,Age,65+,455592
Calisthenics,Total,Total,81353
Calisthenics,Sex,Male,61752
Calisthenics,Sex,Female,19601
Calisthenics,Age,15-17,12368
Calisthenics,Age,18-24,17043
Calisthenics,Age,25-34,21132
Calisthenics,Age,35-44,12879
Calisthenics,Age,45-54,8400
Calisthenics,Age,55-64,5496
Calisthenics,Age,65+,4036
Campdrafting,Total,Total,2930
Campdrafting,Sex,Male,541
Campdrafting,Sex,Female,2389
Campdrafting,Age,15-17,0
Campdrafting,Age,18-24,682
Campdrafting,Age,25-34,1855
Campdrafting,Age,35-44,0
Campdrafting,Age,45-54,0
Campdrafting,Age,55-64,0
Campdrafting,Age,65+,393
Canoeing/Kayaking,Total,Total,225560
Canoeing/Kayaking,Sex,Male,114648
Canoeing/Kayaking,Sex,Female,109683
Canoeing/Kayaking,Age,15-17,6705
Canoeing/Kayaking,Age,18-24,15803
Canoeing/Kayaking,Age,25-34,39569
Canoeing/Kayaking,Age,35-44,43754
Canoeing/Kayaking,Age,45-54,41907
Canoeing/Kayaking,Age,55-64,45618
Canoeing/Kayaking,Age,65+,32204
Circus,Total,Total,7650
Circus,Sex,Male,1099
Circus,Sex,Female,6551
Circus,Age,15-17,2074
Circus,Age,18-24,1211
Circus,Age,25-34,3349
Circus,Age,35-44,1016
Circus,Age,45-54,0
Circus,Age,55-64,0
Circus,Age,65+,0
Cricket,Total,Total,563967
Cricket,Sex,Male,471299
Cricket,Sex,Female,90998
Cricket,Age,15-17,85087
Cricket,Age,18-24,119687
Cricket,Age,25-34,144192
Cricket,Age,35-44,103839
Cricket,Age,45-54,65828
Cricket,Age,55-64,30629
Cricket,Age,65+,14705
Croquet,Total,Total,20003
Croquet,Sex,Male,8007
Croquet,Sex,Female,11996
Croquet,Age,15-17,0
Croquet,Age,18-24,383
Croquet,Age,25-34,624
Croquet,Age,35-44,536
Croquet,Age,45-54,0
Croquet,Age,55-64,1362
Croquet,Age,65+,17098
Crossfit/Functional fitness,Total,Total,146573
Crossfit/Functional fitness,Sex,Male,60688
Crossfit/Functional fitness,Sex,Female,85361
Crossfit/Functional fitness,Age,15-17,1600
Crossfit/Functional fitness,Age,18-24,12208
Crossfit/Functional fitness,Age,25-34,52683
Crossfit/Functional fitness,Age,35-44,41924
Crossfit/Functional fitness,Age,45-54,21176
Crossfit/Functional fitness,Age,55-64,12258
Crossfit/Functional fitness,Age,65+,4723
Curling,Total,Total,2213
Curling,Sex,Male,1197
Curling,Sex,Female,1016
Curling,Age,15-17,0
Curling,Age,18-24,0
Curling,Age,25-34,0
Curling,Age,35-44,2213
Curling,Age,45-54,0
Curling,Age,55-64,0
Curling,Age,65+,0
Cycling,Total,Total,1877339
Cycling,Sex,Male,1157189
Cycling,Sex,Female,714844
Cycling,Age,15-17,67186
Cycling,Age,18-24,138523
Cycling,Age,25-34,289821
Cycling,Age,35-44,359518
Cycling,Age,45-54,387336
Cycling,Age,55-64,369466
Cycling,Age,65+,265489
DanceSport,Total,Total,254166
DanceSport,Sex,Male,30666
DanceSport,Sex,Female,219107
DanceSport,Age,15-17,37428
DanceSport,Age,18-24,63907
DanceSport,Age,25-34,51380
DanceSport,Age,35-44,40775
DanceSport,Age,45-54,23436
DanceSport,Age,55-64,20276
DanceSport,Age,65+,16964
Dancing (recreational),Total,Total,368719
Dancing (recreational),Sex,Male,54454
Dancing (recreational),Sex,Female,310682
Dancing (recreational),Age,15-17,26498
Dancing (recreational),Age,18-24,59924
Dancing (recreational),Age,25-34,77100
Dancing (recreational),Age,35-44,66112
Dancing (recreational),Age,45-54,41081
Dancing (recreational),Age,55-64,35122
Dancing (recreational),Age,65+,62883
Darts,Total,Total,36751
Darts,Sex,Male,23959
Darts,Sex,Female,12792
Darts,Age,15-17,0
Darts,Age,18-24,6592
Darts,Age,25-34,5583
Darts,Age,35-44,6364
Darts,Age,45-54,5583
Darts,Age,55-64,6516
Darts,Age,65+,6113
Diving,Total,Total,11252
Diving,Sex,Male,7158
Diving,Sex,Female,4094
Diving,Age,15-17,0
Diving,Age,18-24,4682
Diving,Age,25-34,1389
Diving,Age,35-44,1677
Diving,Age,45-54,1102
Diving,Age,55-64,1582
Diving,Age,65+,819
Dodgeball,Total,Total,17376
Dodgeball,Sex,Male,8035
Dodgeball,Sex,Female,9341
Dodgeball,Age,15-17,4962
Dodgeball,Age,18-24,3552
Dodgeball,Age,25-34,6542
Dodgeball,Age,35-44,2320
Dodgeball,Age,45-54,0
Dodgeball,Age,55-64,0
Dodgeball,Age,65+,0
Dragon boat racing,Total,Total,15825
Dragon boat racing,Sex,Male,6475
Dragon boat racing,Sex,Female,9350
Dragon boat racing,Age,15-17,0
Dragon boat racing,Age,18-24,822
Dragon boat racing,Age,25-34,1466
Dragon boat racing,Age,35-44,2695
Dragon boat racing,Age,45-54,2770
Dragon boat racing,Age,55-64,4592
Dragon boat racing,Age,65+,3480
Eight ball,Total,Total,6104
Eight ball,Sex,Male,3329
Eight ball,Sex,Female,2775
Eight ball,Age,15-17,0
Eight ball,Age,18-24,2104
Eight ball,Age,25-34,1733
Eight ball,Age,35-44,0
Eight ball,Age,45-54,360
Eight ball,Age,55-64,641
Eight ball,Age,65+,1266
Equestrian,Total,Total,99949
Equestrian,Sex,Male,15591
Equestrian,Sex,Female,84357
Equestrian,Age,15-17,5508
Equestrian,Age,18-24,16907
Equestrian,Age,25-34,23320
Equestrian,Age,35-44,17276
Equestrian,Age,45-54,13741
Equestrian,Age,55-64,18292
Equestrian,Age,65+,4905
eSports,Total,Total,47704
eSports,Sex,Male,35959
eSports,Sex,Female,10217
eSports,Age,15-17,1344
eSports,Age,18-24,18227
eSports,Age,25-34,16118
eSports,Age,35-44,6637
eSports,Age,45-54,3648
eSports,Age,55-64,1352
eSports,Age,65+,377
Fencing,Total,Total,10275
Fencing,Sex,Male,5687
Fencing,Sex,Female,4587
Fencing,Age,15-17,1462
Fencing,Age,18-24,3915
Fencing,Age,25-34,2443
Fencing,Age,35-44,0
Fencing,Age,45-54,1706
Fencing,Age,55-64,0
Fencing,Age,65+,749
Fishing (recreational),Total,Total,242244
Fishing (recreational),Sex,Male,187937
Fishing (recreational),Sex,Female,53301
Fishing (recreational),Age,15-17,10836
Fishing (recreational),Age,18-24,16448
Fishing (recreational),Age,25-34,37709
Fishing (recreational),Age,35-44,37428
Fishing (recreational),Age,45-54,48090
Fishing (recreational),Age,55-64,48008
Fishing (recreational),Age,65+,43723
Fitness/Gym,Total,Total,7719043
Fitness/Gym,Sex,Male,3671867
Fitness/Gym,Sex,Female,4010870
Fitness/Gym,Age,15-17,376652
Fitness/Gym,Age,18-24,1076583
Fitness/Gym,Age,25-34,1711890
Fitness/Gym,Age,35-44,1413027
Fitness/Gym,Age,45-54,1100531
Fitness/Gym,Age,55-64,912669
Fitness/Gym,Age,65+,1127691
Floorball,Total,Total,6395
Floorball,Sex,Male,3089
Floorball,Sex,Female,3306
Floorball,Age,15-17,1666
Floorball,Age,18-24,1311
Floorball,Age,25-34,1841
Floorball,Age,35-44,1577
Floorball,Age,45-54,0
Floorball,Age,55-64,0
Floorball,Age,65+,0
Flying disc,Total,Total,56342
Flying disc,Sex,Male,32434
Flying disc,Sex,Female,23423
Flying disc,Age,15-17,6846
Flying disc,Age,18-24,17301
Flying disc,Age,25-34,14529
Flying disc,Age,35-44,7734
Flying disc,Age,45-54,5783
Flying disc,Age,55-64,3067
Flying disc,Age,65+,1082
Football/soccer,Total,Total,1273027
Football/soccer,Sex,Male,984043
Football/soccer,Sex,Female,285765
Football/soccer,Age,15-17,171713
Football/soccer,Age,18-24,305475
Football/soccer,Age,25-34,380740
Football/soccer,Age,35-44,269541
Football/soccer,Age,45-54,109556
Football/soccer,Age,55-64,29506
Football/soccer,Age,65+,6496
Gaelic football,Total,Total,14208
Gaelic football,Sex,Male,11059
Gaelic football,Sex,Female,3150
Gaelic football,Age,15-17,0
Gaelic football,Age,18-24,2617
Gaelic football,Age,25-34,8634
Gaelic football,Age,35-44,1173
Gaelic football,Age,45-54,1784
Gaelic football,Age,55-64,0
Gaelic football,Age,65+,0
Geocaching,Total,Total,7282
Geocaching,Sex,Male,3929
Geocaching,Sex,Female,2839
Geocaching,Age,15-17,0
Geocaching,Age,18-24,570
Geocaching,Age,25-34,608
Geocaching,Age,35-44,2694
Geocaching,Age,45-54,1034
Geocaching,Age,55-64,1578
Geocaching,Age,65+,798
Goalball,Total,Total,2292
Goalball,Sex,Male,2292
Goalball,Sex,Female,0
Goalball,Age,15-17,1686
Goalball,Age,18-24,0
Goalball,Age,25-34,0
Goalball,Age,35-44,606
Goalball,Age,45-54,0
Goalball,Age,55-64,0
Goalball,Age,65+,0
Golf,Total,Total,1032838
Golf,Sex,Male,838039
Golf,Sex,Female,192723
Golf,Age,15-17,23973
Golf,Age,18-24,68389
Golf,Age,25-34,144009
Golf,Age,35-44,132130
Golf,Age,45-54,161539
Golf,Age,55-64,212956
Golf,Age,65+,289842
Gridiron,Total,Total,10298
Gridiron,Sex,Male,8088
Gridiron,Sex,Female,2211
Gridiron,Age,15-17,2664
Gridiron,Age,18-24,3513
Gridiron,Age,25-34,1821
Gridiron,Age,35-44,1152
Gridiron,Age,45-54,692
Gridiron,Age,55-64,457
Gridiron,Age,65+,0
Guides,Total,Total,944
Guides,Sex,Male,0
Guides,Sex,Female,944
Guides,Age,15-17,0
Guides,Age,18-24,0
Guides,Age,25-34,348
Guides,Age,35-44,596
Guides,Age,45-54,0
Guides,Age,55-64,0
Guides,Age,65+,0
Gymnastics,Total,Total,122131
Gymnastics,Sex,Male,36845
Gymnastics,Sex,Female,84809
Gymnastics,Age,15-17,25228
Gymnastics,Age,18-24,26180
Gymnastics,Age,25-34,29535
Gymnastics,Age,35-44,26899
Gymnastics,Age,45-54,5091
Gymnastics,Age,55-64,4936
Gymnastics,Age,65+,4262
Handball,Total,Total,25911
Handball,Sex,Male,12600
Handball,Sex,Female,13311
Handball,Age,15-17,11270
Handball,Age,18-24,5295
Handball,Age,25-34,6666
Handball,Age,35-44,1165
Handball,Age,45-54,1141
Handball,Age,55-64,373
Handball,Age,65+,0
Harness racing,Total,Total,2410
Harness racing,Sex,Male,2410
Harness racing,Sex,Female,0
Harness racing,Age,15-17,0
Harness racing,Age,18-24,561
Harness racing,Age,25-34,0
Harness racing,Age,35-44,536
Harness racing,Age,45-54,1101
Harness racing,Age,55-64,0
Harness racing,Age,65+,212
Hockey,Total,Total,115928
Hockey,Sex,Male,56241
Hockey,Sex,Female,59687
Hockey,Age,15-17,16443
Hockey,Age,18-24,24409
Hockey,Age,25-34,23786
Hockey,Age,35-44,24548
Hockey,Age,45-54,15028
Hockey,Age,55-64,8268
Hockey,Age,65+,3445
Horse racing,Total,Total,5532
Horse racing,Sex,Male,4165
Horse racing,Sex,Female,1366
Horse racing,Age,15-17,0
Horse racing,Age,18-24,863
Horse racing,Age,25-34,2157
Horse racing,Age,35-44,524
Horse racing,Age,45-54,1640
Horse racing,Age,55-64,0
Horse racing,Age,65+,348
Ice hockey,Total,Total,13712
Ice hockey,Sex,Male,8679
Ice hockey,Sex,Female,5034
Ice hockey,Age,15-17,3467
Ice hockey,Age,18-24,2840
Ice hockey,Age,25-34,1664
Ice hockey,Age,35-44,3703
Ice hockey,Age,45-54,1576
Ice hockey,Age,55-64,463
Ice hockey,Age,65+,0
Ice racing/speed skating,Total,Total,1549
Ice racing/speed skating,Sex,Male,1093
Ice racing/speed skating,Sex,Female,456
Ice racing/speed skating,Age,15-17,0
Ice racing/speed skating,Age,18-24,561
Ice racing/speed skating,Age,25-34,0
Ice racing/speed skating,Age,35-44,0
Ice racing/speed skating,Age,45-54,988
Ice racing/speed skating,Age,55-64,0
Ice racing/speed skating,Age,65+,0
Ice skating,Total,Total,48384
Ice skating,Sex,Male,11427
Ice skating,Sex,Female,35848
Ice skating,Age,15-17,16765
Ice skating,Age,18-24,9644
Ice skating,Age,25-34,9475
Ice skating,Age,35-44,6617
Ice skating,Age,45-54,3758
Ice skating,Age,55-64,2125
Ice skating,Age,65+,0
Jet skiing,Total,Total,15234
Jet skiing,Sex,Male,12320
Jet skiing,Sex,Female,2914
Jet skiing,Age,15-17,0
Jet skiing,Age,18-24,1818
Jet skiing,Age,25-34,2498
Jet skiing,Age,35-44,4076
Jet skiing,Age,45-54,2401
Jet skiing,Age,55-64,3679
Jet skiing,Age,65+,762
Judo,Total,Total,15026
Judo,Sex,Male,5784
Judo,Sex,Female,9242
Judo,Age,15-17,4989
Judo,Age,18-24,2925
Judo,Age,25-34,3427
Judo,Age,35-44,1212
Judo,Age,45-54,1536
Judo,Age,55-64,554
Judo,Age,65+,383
Jujitsu,Total,Total,38590
Jujitsu,Sex,Male,31490
Jujitsu,Sex,Female,7100
Jujitsu,Age,15-17,3800
Jujitsu,Age,18-24,6118
Jujitsu,Age,25-34,11977
Jujitsu,Age,35-44,12965
Jujitsu,Age,45-54,2937
Jujitsu,Age,55-64,463
Jujitsu,Age,65+,330
Karate,Total,Total,42201
Karate,Sex,Male,26280
Karate,Sex,Female,15921
Karate,Age,15-17,4218
Karate,Age,18-24,10680
Karate,Age,25-34,3961
Karate,Age,35-44,10960
Karate,Age,45-54,4195
Karate,Age,55-64,5119
Karate,Age,65+,3069
Kendo,Total,Total,6759
Kendo,Sex,Male,5194
Kendo,Sex,Female,1565
Kendo,Age,15-17,1259
Kendo,Age,18-24,1342
Kendo,Age,25-34,1548
Kendo,Age,35-44,1067
Kendo,Age,45-54,1113
Kendo,Age,55-64,430
Kendo,Age,65+,0
Kitesurfing/kiteboarding,Total,Total,2987
Kitesurfing/kiteboarding,Sex,Male,2347
Kitesurfing/kiteboarding,Sex,Female,640
Kitesurfing/kiteboarding,Age,15-17,0
Kitesurfing/kiteboarding,Age,18-24,0
Kitesurfing/kiteboarding,Age,25-34,0
Kitesurfing/kiteboarding,Age,35-44,977
Kitesurfing/kiteboarding,Age,45-54,1169
Kitesurfing/kiteboarding,Age,55-64,841
Kitesurfing/kiteboarding,Age,65+,0
Korfball,Total,Total,1166
Korfball,Sex,Male,595
Korfball,Sex,Female,571
Korfball,Age,15-17,0
Korfball,Age,18-24,0
Korfball,Age,25-34,1166
Korfball,Age,35-44,0
Korfball,Age,45-54,0
Korfball,Age,55-64,0
Korfball,Age,65+,0
Kung fu wushu,Total,Total,2099
Kung fu wushu,Sex,Male,974
Kung fu wushu,Sex,Female,1125
Kung fu wushu,Age,15-17,0
Kung fu wushu,Age,18-24,485
Kung fu wushu,Age,25-34,0
Kung fu wushu,Age,35-44,0
Kung fu wushu,Age,45-54,1162
Kung fu wushu,Age,55-64,452
Kung fu wushu,Age,65+,0
Lacrosse,Total,Total,6843
Lacrosse,Sex,Male,2782
Lacrosse,Sex,Female,4061
Lacrosse,Age,15-17,2074
Lacrosse,Age,18-24,1834
Lacrosse,Age,25-34,942
Lacrosse,Age,35-44,576
Lacrosse,Age,45-54,924
Lacrosse,Age,55-64,492
Lacrosse,Age,65+,0
Lifesaving royal,Total,Total,1168
Lifesaving royal,Sex,Male,1168
Lifesaving royal,Sex,Female,0
Lifesaving royal,Age,15-17,0
Lifesaving royal,Age,18-24,573
Lifesaving royal,Age,25-34,595
Lifesaving royal,Age,35-44,0
Lifesaving royal,Age,45-54,0
Lifesaving royal,Age,55-64,0
Lifesaving royal,Age,65+,0
Lifesaving surf,Total,Total,29391
Lifesaving surf,Sex,Male,21981
Lifesaving surf,Sex,Female,7410
Lifesaving surf,Age,15-17,4987
Lifesaving surf,Age,18-24,2608
Lifesaving surf,Age,25-34,3893
Lifesaving surf,Age,35-44,5941
Lifesaving surf,Age,45-54,4667
Lifesaving surf,Age,55-64,5198
Lifesaving surf,Age,65+,2097
Luging,Total,Total,0
Luging,Sex,Male,0
Luging,Sex,Female,0
Luging,Age,15-17,0
Luging,Age,18-24,0
Luging,Age,25-34,0
Luging,Age,35-44,0
Luging,Age,45-54,0
Luging,Age,55-64,0
Luging,Age,65+,0
Marching,Total,Total,2669
Marching,Sex,Male,1621
Marching,Sex,Female,1049
Marching,Age,15-17,0
Marching,Age,18-24,525
Marching,Age,25-34,591
Marching,Age,35-44,0
Marching,Age,45-54,644
Marching,Age,55-64,909
Marching,Age,65+,0
Martial arts,Total,Total,141611
Martial arts,Sex,Male,61183
Martial arts,Sex,Female,80428
Martial arts,Age,15-17,6547
Martial arts,Age,18-24,18246
Martial arts,Age,25-34,20905
Martial arts,Age,35-44,10800
Martial arts,Age,45-54,17767
Martial arts,Age,55-64,14745
Martial arts,Age,65+,52600
Mixed martial arts,Total,Total,20998
Mixed martial arts,Sex,Male,14411
Mixed martial arts,Sex,Female,6587
Mixed martial arts,Age,15-17,1259
Mixed martial arts,Age,18-24,8483
Mixed martial arts,Age,25-34,3057
Mixed martial arts,Age,35-44,2691
Mixed martial arts,Age,45-54,5508
Mixed martial arts,Age,55-64,0
Mixed martial arts,Age,65+,0
Modern pentathlon,Total,Total,682
Modern pentathlon,Sex,Male,682
Modern pentathlon,Sex,Female,0
Modern pentathlon,Age,15-17,0
Modern pentathlon,Age,18-24,0
Modern pentathlon,Age,25-34,682
Modern pentathlon,Age,35-44,0
Modern pentathlon,Age,45-54,0
Modern pentathlon,Age,55-64,0
Modern pentathlon,Age,65+,0
Motor cycling,Total,Total,214266
Motor cycling,Sex,Male,152679
Motor cycling,Sex,Female,59525
Motor cycling,Age,15-17,15162
Motor cycling,Age,18-24,24260
Motor cycling,Age,25-34,57394
Motor cycling,Age,35-44,35329
Motor cycling,Age,45-54,26472
Motor cycling,Age,55-64,34399
Motor cycling,Age,65+,21250
Motor sport,Total,Total,57439
Motor sport,Sex,Male,44822
Motor sport,Sex,Female,10762
Motor sport,Age,15-17,7457
Motor sport,Age,18-24,9855
Motor sport,Age,25-34,17175
Motor sport,Age,35-44,8215
Motor sport,Age,45-54,6002
Motor sport,Age,55-64,6721
Motor sport,Age,65+,2014
Mountain biking,Total,Total,164226
Mountain biking,Sex,Male,131087
Mountain biking,Sex,Female,32568
Mountain biking,Age,15-17,17314
Mountain biking,Age,18-24,12012
Mountain biking,Age,25-34,24889
Mountain biking,Age,35-44,37514
Mountain biking,Age,45-54,40485
Mountain biking,Age,55-64,22058
Mountain biking,Age,65+,9953
Mountain climbing,Total,Total,22439
Mountain climbing,Sex,Male,14585
Mountain climbing,Sex,Female,7854
Mountain climbing,Age,15-17,826
Mountain climbing,Age,18-24,3030
Mountain climbing,Age,25-34,5263
Mountain climbing,Age,35-44,5886
Mountain climbing,Age,45-54,4063
Mountain climbing,Age,55-64,2689
Mountain climbing,Age,65+,682
Muay Thai,Total,Total,37558
Muay Thai,Sex,Male,21638
Muay Thai,Sex,Female,15920
Muay Thai,Age,15-17,3298
Muay Thai,Age,18-24,15746
Muay Thai,Age,25-34,11024
Muay Thai,Age,35-44,4891
Muay Thai,Age,45-54,1630
Muay Thai,Age,55-64,969
Muay Thai,Age,65+,0
Netball,Total,Total,476973
Netball,Sex,Male,76027
Netball,Sex,Female,399674
Netball,Age,15-17,82164
Netball,Age,18-24,136915
Netball,Age,25-34,124610
Netball,Age,35-44,82694
Netball,Age,45-54,38632
Netball,Age,55-64,9497
Netball,Age,65+,2460
Obstacle,Total,Total,12774
Obstacle,Sex,Male,4390
Obstacle,Sex,Female,8385
Obstacle,Age,15-17,4389
Obstacle,Age,18-24,503
Obstacle,Age,25-34,2460
Obstacle,Age,35-44,2935
Obstacle,Age,45-54,2488
Obstacle,Age,55-64,0
Obstacle,Age,65+,0
Orienteering,Total,Total,15854
Orienteering,Sex,Male,7521
Orienteering,Sex,Female,8333
Orienteering,Age,15-17,3547
Orienteering,Age,18-24,1482
Orienteering,Age,25-34,469
Orienteering,Age,35-44,4038
Orienteering,Age,45-54,3133
Orienteering,Age,55-64,1455
Orienteering,Age,65+,1730
Outrigger canoe,Total,Total,6079
Outrigger canoe,Sex,Male,3680
Outrigger canoe,Sex,Female,2400
Outrigger canoe,Age,15-17,0
Outrigger canoe,Age,18-24,0
Outrigger canoe,Age,25-34,524
Outrigger canoe,Age,35-44,1751
Outrigger canoe,Age,45-54,1672
Outrigger canoe,Age,55-64,1107
Outrigger canoe,Age,65+,1026
Oztag,Total,Total,50577
Oztag,Sex,Male,27461
Oztag,Sex,Female,23116
Oztag,Age,15-17,9725
Oztag,Age,18-24,18904
Oztag,Age,25-34,15526
Oztag,Age,35-44,4928
Oztag,Age,45-54,1099
Oztag,Age,55-64,0
Oztag,Age,65+,394
Paddle sports,Total,Total,47220
Paddle sports,Sex,Male,22753
Paddle sports,Sex,Female,24467
Paddle sports,Age,15-17,0
Paddle sports,Age,18-24,2710
Paddle sports,Age,25-34,8606
Paddle sports,Age,35-44,8125
Paddle sports,Age,45-54,8251
Paddle sports,Age,55-64,10731
Paddle sports,Age,65+,8796
Paintball,Total,Total,2742
Paintball,Sex,Male,1718
Paintball,Sex,Female,1024
Paintball,Age,15-17,0
Paintball,Age,18-24,636
Paintball,Age,25-34,495
Paintball,Age,35-44,586
Paintball,Age,45-54,498
Paintball,Age,55-64,526
Paintball,Age,65+,0
Parkour,Total,Total,5079
Parkour,Sex,Male,1086
Parkour,Sex,Female,3993
Parkour,Age,15-17,3547
Parkour,Age,18-24,585
Parkour,Age,25-34,446
Parkour,Age,35-44,501
Parkour,Age,45-54,0
Parkour,Age,55-64,0
Parkour,Age,65+,0
Petanque,Total,Total,741
Petanque,Sex,Male,0
Petanque,Sex,Female,741
Petanque,Age,15-17,0
Petanque,Age,18-24,0
Petanque,Age,25-34,0
Petanque,Age,35-44,0
Petanque,Age,45-54,0
Petanque,Age,55-64,0
Petanque,Age,65+,741
Physical Culture,Total,Total,13759
Physical Culture,Sex,Male,2528
Physical Culture,Sex,Female,11231
Physical Culture,Age,15-17,0
Physical Culture,Age,18-24,0
Physical Culture,Age,25-34,1454
Physical Culture,Age,35-44,2059
Physical Culture,Age,45-54,1033
Physical Culture,Age,55-64,1712
Physical Culture,Age,65+,7501
Pickleball/padel,Total,Total,297347
Pickleball/padel,Sex,Male,146848
Pickleball/padel,Sex,Female,149919
Pickleball/padel,Age,15-17,9125
Pickleball/padel,Age,18-24,35246
Pickleball/padel,Age,25-34,62961
Pickleball/padel,Age,35-44,53091
Pickleball/padel,Age,45-54,51068
Pickleball/padel,Age,55-64,51730
Pickleball/padel,Age,65+,34124
Pilates,Total,Total,1625325
Pilates,Sex,Male,133940
Pilates,Sex,Female,1485621
Pilates,Age,15-17,37832
Pilates,Age,18-24,217009
Pilates,Age,25-34,448430
Pilates,Age,35-44,338305
Pilates,Age,45-54,238313
Pilates,Age,55-64,193472
Pilates,Age,65+,151963
Polo,Total,Total,332
Polo,Sex,Male,332
Polo,Sex,Female,0
Polo,Age,15-17,0
Polo,Age,18-24,0
Polo,Age,25-34,0
Polo,Age,35-44,0
Polo,Age,45-54,0
Polo,Age,55-64,0
Polo,Age,65+,332
Polocrosse,Total,Total,1008
Polocrosse,Sex,Male,539
Polocrosse,Sex,Female,469
Polocrosse,Age,15-17,0
Polocrosse,Age,18-24,0
Polocrosse,Age,25-34,0
Polocrosse,Age,35-44,1008
Polocrosse,Age,45-54,0
Polocrosse,Age,55-64,0
Polocrosse,Age,65+,0
Pony Club,Total,Total,10306
Pony Club,Sex,Male,3146
Pony Club,Sex,Female,6720
Pony Club,Age,15-17,1987
Pony Club,Age,18-24,2621
Pony Club,Age,25-34,2122
Pony Club,Age,35-44,2214
Pony Club,Age,45-54,360
Pony Club,Age,55-64,565
Pony Club,Age,65+,438
Powerlifting,Total,Total,9543
Powerlifting,Sex,Male,5532
Powerlifting,Sex,Female,4011
Powerlifting,Age,15-17,0
Powerlifting,Age,18-24,2336
Powerlifting,Age,25-34,3067
Powerlifting,Age,35-44,2167
Powerlifting,Age,45-54,558
Powerlifting,Age,55-64,1415
Powerlifting,Age,65+,0
Ready Steady Go Kids,Total,Total,1721
Ready Steady Go Kids,Sex,Male,685
Ready Steady Go Kids,Sex,Female,1036
Ready Steady Go Kids,Age,15-17,0
Ready Steady Go Kids,Age,18-24,515
Ready Steady Go Kids,Age,25-34,685
Ready Steady Go Kids,Age,35-44,521
Ready Steady Go Kids,Age,45-54,0
Ready Steady Go Kids,Age,55-64,0
Ready Steady Go Kids,Age,65+,0
Rock climbing/Abseiling/Caving,Total,Total,103540
Rock climbing/Abseiling/Caving,Sex,Male,59263
Rock climbing/Abseiling/Caving,Sex,Female,41155
Rock climbing/Abseiling/Caving,Age,15-17,18078
Rock climbing/Abseiling/Caving,Age,18-24,24246
Rock climbing/Abseiling/Caving,Age,25-34,24600
Rock climbing/Abseiling/Caving,Age,35-44,21169
Rock climbing/Abseiling/Caving,Age,45-54,8321
Rock climbing/Abseiling/Caving,Age,55-64,4918
Rock climbing/Abseiling/Caving,Age,65+,2208
Rodeo,Total,Total,595
Rodeo,Sex,Male,0
Rodeo,Sex,Female,595
Rodeo,Age,15-17,0
Rodeo,Age,18-24,595
Rodeo,Age,25-34,0
Rodeo,Age,35-44,0
Rodeo,Age,45-54,0
Rodeo,Age,55-64,0
Rodeo,Age,65+,0
Rogaining,Total,Total,4892
Rogaining,Sex,Male,3173
Rogaining,Sex,Female,1719
Rogaining,Age,15-17,0
Rogaining,Age,18-24,980
Rogaining,Age,25-34,741
Rogaining,Age,35-44,0
Rogaining,Age,45-54,1518
Rogaining,Age,55-64,916
Rogaining,Age,65+,736
Roller Derby,Total,Total,3040
Roller Derby,Sex,Male,1475
Roller Derby,Sex,Female,1565
Roller Derby,Age,15-17,0
Roller Derby,Age,18-24,0
Roller Derby,Age,25-34,0
Roller Derby,Age,35-44,1718
Roller Derby,Age,45-54,564
Roller Derby,Age,55-64,353
Roller Derby,Age,65+,406
Rope skipping,Total,Total,56075
Rope skipping,Sex,Male,20444
Rope skipping,Sex,Female,35126
Rope skipping,Age,15-17,4462
Rope skipping,Age,18-24,9429
Rope skipping,Age,25-34,17349
Rope skipping,Age,35-44,11543
Rope skipping,Age,45-54,6295
Rope skipping,Age,55-64,5979
Rope skipping,Age,65+,1018
Rowing,Total,Total,132416
Rowing,Sex,Male,76163
Rowing,Sex,Female,55775
Rowing,Age,15-17,9606
Rowing,Age,18-24,10243
Rowing,Age,25-34,21044
Rowing,Age,35-44,19893
Rowing,Age,45-54,23698
Rowing,Age,55-64,26180
Rowing,Age,65+,21751
Rugby league,Total,Total,172717
Rugby league,Sex,Male,134086
Rugby league,Sex,Female,38631
Rugby league,Age,15-17,32659
Rugby league,Age,18-24,41864
Rugby league,Age,25-34,56639
Rugby league,Age,35-44,26434
Rugby league,Age,45-54,12320
Rugby league,Age,55-64,2182
Rugby league,Age,65+,620
Rugby union,Total,Total,84648
Rugby union,Sex,Male,66929
Rugby union,Sex,Female,17719
Rugby union,Age,15-17,13988
Rugby union,Age,18-24,22636
Rugby union,Age,25-34,25102
Rugby union,Age,35-44,11282
Rugby union,Age,45-54,6004
Rugby union,Age,55-64,3892
Rugby union,Age,65+,1743
Running/jogging,Total,Total,3740484
Running/jogging,Sex,Male,2104784
Running/jogging,Sex,Female,1618697
Running/jogging,Age,15-17,268187
Running/jogging,Age,18-24,660527
Running/jogging,Age,25-34,1125805
Running/jogging,Age,35-44,809696
Running/jogging,Age,45-54,527176
Running/jogging,Age,55-64,261588
Running/jogging,Age,65+,87506
Sailing,Total,Total,74016
Sailing,Sex,Male,50953
Sailing,Sex,Female,23063
Sailing,Age,15-17,3022
Sailing,Age,18-24,3353
Sailing,Age,25-34,6766
Sailing,Age,35-44,8491
Sailing,Age,45-54,12089
Sailing,Age,55-64,21244
Sailing,Age,65+,19051
Scootering,Total,Total,19288
Scootering,Sex,Male,10329
Scootering,Sex,Female,8959
Scootering,Age,15-17,0
Scootering,Age,18-24,1221
Scootering,Age,25-34,2872
Scootering,Age,35-44,10666
Scootering,Age,45-54,3493
Scootering,Age,55-64,334
Scootering,Age,65+,702
Scouts,Total,Total,4900
Scouts,Sex,Male,3732
Scouts,Sex,Female,1168
Scouts,Age,15-17,2532
Scouts,Age,18-24,1782
Scouts,Age,25-34,0
Scouts,Age,35-44,585
Scouts,Age,45-54,0
Scouts,Age,55-64,0
Scouts,Age,65+,0
Sepak takraw,Total,Total,597
Sepak takraw,Sex,Male,597
Sepak takraw,Sex,Female,0
Sepak takraw,Age,15-17,0
Sepak takraw,Age,18-24,597
Sepak takraw,Age,25-34,0
Sepak takraw,Age,35-44,0
Sepak takraw,Age,45-54,0
Sepak takraw,Age,55-64,0
Sepak takraw,Age,65+,0
Shooting/field,Total,Total,45996
Shooting/field,Sex,Male,41798
Shooting/field,Sex,Female,4198
Shooting/field,Age,15-17,3185
Shooting/field,Age,18-24,2816
Shooting/field,Age,25-34,13318
Shooting/field,Age,35-44,8494
Shooting/field,Age,45-54,7572
Shooting/field,Age,55-64,4745
Shooting/field,Age,65+,5866
Shooting/range,Total,Total,30684
Shooting/range,Sex,Male,25285
Shooting/range,Sex,Female,5399
Shooting/range,Age,15-17,0
Shooting/range,Age,18-24,2030
Shooting/range,Age,25-34,7840
Shooting/range,Age,35-44,8208
Shooting/range,Age,45-54,4710
Shooting/range,Age,55-64,2809
Shooting/range,Age,65+,5087
Skate,Total,Total,89533
Skate,Sex,Male,42870
Skate,Sex,Female,42934
Skate,Age,15-17,12047
Skate,Age,18-24,16426
Skate,Age,25-34,24399
Skate,Age,35-44,18428
Skate,Age,45-54,14337
Skate,Age,55-64,3558
Skate,Age,65+,337
Skeleton,Total,Total,0
Skeleton,Sex,Male,0
Skeleton,Sex,Female,0
Skeleton,Age,15-17,0
Skeleton,Age,18-24,0
Skeleton,Age,25-34,0
Skeleton,Age,35-44,0
Skeleton,Age,45-54,0
Skeleton,Age,55-64,0
Skeleton,Age,65+,0
Ski & snowboard,Total,Total,183709
Ski & snowboard,Sex,Male,106952
Ski & snowboard,Sex,Female,76756
Ski & snowboard,Age,15-17,2715
Ski & snowboard,Age,18-24,16740
Ski & snowboard,Age,25-34,36353
Ski & snowboard,Age,35-44,31724
Ski & snowboard,Age,45-54,33659
Ski & snowboard,Age,55-64,43281
Ski & snowboard,Age,65+,19237
Skirmish,Total,Total,596
Skirmish,Sex,Male,0
Skirmish,Sex,Female,596
Skirmish,Age,15-17,0
Skirmish,Age,18-24,0
Skirmish,Age,25-34,0
Skirmish,Age,35-44,596
Skirmish,Age,45-54,0
Skirmish,Age,55-64,0
Skirmish,Age,65+,0
Softball,Total,Total,30818
Softball,Sex,Male,12838
Softball,Sex,Female,17507
Softball,Age,15-17,3099
Softball,Age,18-24,5895
Softball,Age,25-34,7335
Softball,Age,35-44,6211
Softball,Age,45-54,3558
Softball,Age,55-64,4720
Softball,Age,65+,0
Sport climbing,Total,Total,122749
Sport climbing,Sex,Male,73704
Sport climbing,Sex,Female,46998
Sport climbing,Age,15-17,13918
Sport climbing,Age,18-24,33083
Sport climbing,Age,25-34,51079
Sport climbing,Age,35-44,19090
Sport climbing,Age,45-54,1458
Sport climbing,Age,55-64,3676
Sport climbing,Age,65+,445
Squash,Total,Total,88312
Squash,Sex,Male,63132
Squash,Sex,Female,24674
Squash,Age,15-17,3623
Squash,Age,18-24,8531
Squash,Age,25-34,23583
Squash,Age,35-44,17896
Squash,Age,45-54,14527
Squash,Age,55-64,12761
Squash,Age,65+,7392
Surfing,Total,Total,313396
Surfing,Sex,Male,191956
Surfing,Sex,Female,121070
Surfing,Age,15-17,22379
Surfing,Age,18-24,31438
Surfing,Age,25-34,63727
Surfing,Age,35-44,70593
Surfing,Age,45-54,59099
Surfing,Age,55-64,41819
Surfing,Age,65+,24340
Swimming,Total,Total,3483472
Swimming,Sex,Male,1609841
Swimming,Sex,Female,1859588
Swimming,Age,15-17,177777
Swimming,Age,18-24,404911
Swimming,Age,25-34,674922
Swimming,Age,35-44,711006
Swimming,Age,45-54,556978
Swimming,Age,55-64,494315
Swimming,Age,65+,463563
Sword fighting,Total,Total,5093
Sword fighting,Sex,Male,1814
Sword fighting,Sex,Female,2817
Sword fighting,Age,15-17,0
Sword fighting,Age,18-24,2442
Sword fighting,Age,25-34,2277
Sword fighting,Age,35-44,0
Sword fighting,Age,45-54,0
Sword fighting,Age,55-64,0
Sword fighting,Age,65+,374
Synchronised swimming,Total,Total,11842
Synchronised swimming,Sex,Male,6773
Synchronised swimming,Sex,Female,5069
Synchronised swimming,Age,15-17,0
Synchronised swimming,Age,18-24,1754
Synchronised swimming,Age,25-34,4251
Synchronised swimming,Age,35-44,2943
Synchronised swimming,Age,45-54,2465
Synchronised swimming,Age,55-64,430
Synchronised swimming,Age,65+,0
Table tennis,Total,Total,405253
Table tennis,Sex,Male,281138
Table tennis,Sex,Female,123530
Table tennis,Age,15-17,66032
Table tennis,Age,18-24,81668
Table tennis,Age,25-34,93509
Table tennis,Age,35-44,62640
Table tennis,Age,45-54,48138
Table tennis,Age,55-64,29065
Table tennis,Age,65+,24202
Taekwondo/Taekwon-do,Total,Total,25962
Taekwondo/Taekwon-do,Sex,Male,16261
Taekwondo/Taekwon-do,Sex,Female,9700
Taekwondo/Taekwon-do,Age,15-17,8902
Taekwondo/Taekwon-do,Age,18-24,5286
Taekwondo/Taekwon-do,Age,25-34,3827
Taekwondo/Taekwon-do,Age,35-44,2156
Taekwondo/Taekwon-do,Age,45-54,3369
Taekwondo/Taekwon-do,Age,55-64,1654
Taekwondo/Taekwon-do,Age,65+,767
Tee ball,Total,Total,2788
Tee ball,Sex,Male,2325
Tee ball,Sex,Female,463
Tee ball,Age,15-17,0
Tee ball,Age,18-24,1387
Tee ball,Age,25-34,920
Tee ball,Age,35-44,480
Tee ball,Age,45-54,0
Tee ball,Age,55-64,0
Tee ball,Age,65+,0
Tennis,Total,Total,1118407
Tennis,Sex,Male,648073
Tennis,Sex,Female,469133
Tennis,Age,15-17,95372
Tennis,Age,18-24,185484
Tennis,Age,25-34,263537
Tennis,Age,35-44,205044
Tennis,Age,45-54,176120
Tennis,Age,55-64,101658
Tennis,Age,65+,91192
Tenpin bowling,Total,Total,142358
Tenpin bowling,Sex,Male,72631
Tenpin bowling,Sex,Female,69727
Tenpin bowling,Age,15-17,10742
Tenpin bowling,Age,18-24,20206
Tenpin bowling,Age,25-34,21011
Tenpin bowling,Age,35-44,26616
Tenpin bowling,Age,45-54,21530
Tenpin bowling,Age,55-64,21605
Tenpin bowling,Age,65+,20647
Tobogganing,Total,Total,545
Tobogganing,Sex,Male,0
Tobogganing,Sex,Female,545
Tobogganing,Age,15-17,0
Tobogganing,Age,18-24,0
Tobogganing,Age,25-34,0
Tobogganing,Age,35-44,0
Tobogganing,Age,45-54,545
Tobogganing,Age,55-64,0
Tobogganing,Age,65+,0
Touch football,Total,Total,161056
Touch football,Sex,Male,101858
Touch football,Sex,Female,59197
Touch football,Age,15-17,23568
Touch football,Age,18-24,38377
Touch football,Age,25-34,49359
Touch football,Age,35-44,21809
Touch football,Age,45-54,16878
Touch football,Age,55-64,8041
Touch football,Age,65+,3024
Triathlon,Total,Total,32394
Triathlon,Sex,Male,20435
Triathlon,Sex,Female,11959
Triathlon,Age,15-17,2903
Triathlon,Age,18-24,4178
Triathlon,Age,25-34,7748
Triathlon,Age,35-44,8535
Triathlon,Age,45-54,7628
Triathlon,Age,55-64,1039
Triathlon,Age,65+,363
Underwater sports,Total,Total,189194
Underwater sports,Sex,Male,92719
Underwater sports,Sex,Female,96474
Underwater sports,Age,15-17,7290
Underwater sports,Age,18-24,16822
Underwater sports,Age,25-34,42708
Underwater sports,Age,35-44,42336
Underwater sports,Age,45-54,27309
Underwater sports,Age,55-64,35140
Underwater sports,Age,65+,17589
Virtual based physical activity,Total,Total,214994
Virtual based physical activity,Sex,Male,107114
Virtual based physical activity,Sex,Female,105335
Virtual based physical activity,Age,15-17,37828
Virtual based physical activity,Age,18-24,43253
Virtual based physical activity,Age,25-34,58082
Virtual based physical activity,Age,35-44,32123
Virtual based physical activity,Age,45-54,23306
Virtual based physical activity,Age,55-64,8409
Virtual based physical activity,Age,65+,11993
Volleyball (indoor and outdoor),Total,Total,295849
Volleyball (indoor and outdoor),Sex,Male,171972
Volleyball (indoor and outdoor),Sex,Female,120900
Volleyball (indoor and outdoor),Age,15-17,102057
Volleyball (indoor and outdoor),Age,18-24,84401
Volleyball (indoor and outdoor),Age,25-34,64370
Volleyball (indoor and outdoor),Age,35-44,26270
Volleyball (indoor and outdoor),Age,45-54,11703
Volleyball (indoor and outdoor),Age,55-64,4189
Volleyball (indoor and outdoor),Age,65+,2860
Walking (Recreational),Total,Total,11363621
Walking (Recreational),Sex,Male,4713659
Walking (Recreational),Sex,Female,6603678
Walking (Recreational),Age,15-17,306276
Walking (Recreational),Age,18-24,847416
Walking (Recreational),Age,25-34,1703592
Walking (Recreational),Age,35-44,1846165
Walking (Recreational),Age,45-54,1960969
Walking (Recreational),Age,55-64,2041184
Walking (Recreational),Age,65+,2658020
Water polo,Total,Total,20906
Water polo,Sex,Male,13571
Water polo,Sex,Female,7335
Water polo,Age,15-17,4661
Water polo,Age,18-24,5592
Water polo,Age,25-34,4667
Water polo,Age,35-44,1203
Water polo,Age,45-54,3339
Water polo,Age,55-64,1104
Water polo,Age,65+,340
Waterskiing/Wakeboarding,Total,Total,33982
Waterskiing/Wakeboarding,Sex,Male,18942
Waterskiing/Wakeboarding,Sex,Female,15040
Waterskiing/Wakeboarding,Age,15-17,0
Waterskiing/Wakeboarding,Age,18-24,6024
Waterskiing/Wakeboarding,Age,25-34,7749
Waterskiing/Wakeboarding,Age,35-44,5242
Waterskiing/Wakeboarding,Age,45-54,6247
Waterskiing/Wakeboarding,Age,55-64,7176
Waterskiing/Wakeboarding,Age,65+,1543
Weight lifting,Total,Total,222350
Weight lifting,Sex,Male,118978
Weight lifting,Sex,Female,100114
Weight lifting,Age,15-17,7772
Weight lifting,Age,18-24,38807
Weight lifting,Age,25-34,65108
Weight lifting,Age,35-44,42477
Weight lifting,Age,45-54,28660
Weight lifting,Age,55-64,21358
Weight lifting,Age,65+,18168
Wheelchair rugby,Total,Total,520
Wheelchair rugby,Sex,Male,0
Wheelchair rugby,Sex,Female,520
Wheelchair rugby,Age,15-17,0
Wheelchair rugby,Age,18-24,0
Wheelchair rugby,Age,25-34,0
Wheelchair rugby,Age,35-44,520
Wheelchair rugby,Age,45-54,0
Wheelchair rugby,Age,55-64,0
Wheelchair rugby,Age,65+,0
Wood chopping,Total,Total,7426
Wood chopping,Sex,Male,6185
Wood chopping,Sex,Female,1241
Wood chopping,Age,15-17,0
Wood chopping,Age,18-24,488
Wood chopping,Age,25-34,0
Wood chopping,Age,35-44,1034
Wood chopping,Age,45-54,1784
Wood chopping,Age,55-64,2001
Wood chopping,Age,65+,2120
Wrestling,Total,Total,9153
Wrestling,Sex,Male,6612
Wrestling,Sex,Female,2008
Wrestling,Age,15-17,0
Wrestling,Age,18-24,2266
Wrestling,Age,25-34,3841
Wrestling,Age,35-44,1561
Wrestling,Age,45-54,1485
Wrestling,Age,55-64,0
Wrestling,Age,65+,0
Yoga,Total,Total,1148005
Yoga,Sex,Male,176385
Yoga,Sex,Female,968047
Yoga,Age,15-17,26215
Yoga,Age,18-24,89360
Yoga,Age,25-34,261525
Yoga,Age,35-44,243997
Yoga,Age,45-54,204092
Yoga,Age,55-64,172134
Yoga,Age,65+,150682
