activity,entity,participants,category
Adventure racing,Sports club or association,2717,"Running, walking & outdoor"
Adventure racing,Recreation club or association,0,"Running, walking & outdoor"
Adventure racing,Gym/fitness club/sports/leisure centre,669,"Running, walking & outdoor"
Adventure racing,Private or commercial business,1488,"Running, walking & outdoor"
Adventure racing,Individual personal trainer or coach,1667,"Running, walking & outdoor"
Adventure racing,Educational institution,1547,"Running, walking & outdoor"
Air sports,Sports club or association,5157,Other
Air sports,Recreation club or association,4858,Other
Air sports,Gym/fitness club/sports/leisure centre,7824,Other
Air sports,Private or commercial business,11475,Other
Air sports,Individual personal trainer or coach,3885,Other
Air sports,Educational institution,1068,Other
Archery,Sports club or association,10234,Racquet & target sports
Archery,Recreation club or association,2284,Racquet & target sports
Archery,Gym/fitness club/sports/leisure centre,0,Racquet & target sports
Archery,Private or commercial business,2463,Racquet & target sports
Archery,Individual personal trainer or coach,2296,Racquet & target sports
Archery,Educational institution,1655,Racquet & target sports
"Athletics, track and field",Sports club or association,57737,"Running, walking & outdoor"
"Athletics, track and field",Recreation club or association,27033,"Running, walking & outdoor"
"Athletics, track and field",Gym/fitness club/sports/leisure centre,25367,"Running, walking & outdoor"
"Athletics, track and field",Private or commercial business,21119,"Running, walking & outdoor"
"Athletics, track and field",Individual personal trainer or coach,33602,"Running, walking & outdoor"
"Athletics, track and field",Educational institution,46974,"Running, walking & outdoor"
Australian football,Sports club or association,223957,Football codes
Australian football,Recreation club or association,58175,Football codes
Australian football,Gym/fitness club/sports/leisure centre,47904,Football codes
Australian football,Private or commercial business,26919,Football codes
Australian football,Individual personal trainer or coach,37482,Football codes
Australian football,Educational institution,52182,Football codes
Badminton,Sports club or association,41478,Racquet & target sports
Badminton,Recreation club or association,23246,Racquet & target sports
Badminton,Gym/fitness club/sports/leisure centre,13581,Racquet & target sports
Badminton,Private or commercial business,7809,Racquet & target sports
Badminton,Individual personal trainer or coach,15293,Racquet & target sports
Badminton,Educational institution,56496,Racquet & target sports
Baseball,Sports club or association,28238,Other team sports
Baseball,Recreation club or association,6171,Other team sports
Baseball,Gym/fitness club/sports/leisure centre,3634,Other team sports
Baseball,Private or commercial business,5172,Other team sports
Baseball,Individual personal trainer or coach,5803,Other team sports
Baseball,Educational institution,5347,Other team sports
Basketball,Sports club or association,226880,Other team sports
Basketball,Recreation club or association,97103,Other team sports
Basketball,Gym/fitness club/sports/leisure centre,67518,Other team sports
Basketball,Private or commercial business,29318,Other team sports
Basketball,Individual personal trainer or coach,37257,Other team sports
Basketball,Educational institution,109463,Other team sports
Baton twirling,Sports club or association,1105,"Dance, gymnastics & performance"
Baton twirling,Recreation club or association,1622,"Dance, gymnastics & performance"
Baton twirling,Gym/fitness club/sports/leisure centre,1198,"Dance, gymnastics & performance"
Baton twirling,Private or commercial business,2135,"Dance, gymnastics & performance"
Baton twirling,Individual personal trainer or coach,938,"Dance, gymnastics & performance"
Baton twirling,Educational institution,568,"Dance, gymnastics & performance"
Biathlon,Sports club or association,659,Winter & ice sports
Biathlon,Recreation club or association,0,Winter & ice sports
Biathlon,Gym/fitness club/sports/leisure centre,0,Winter & ice sports
Biathlon,Private or commercial business,659,Winter & ice sports
Biathlon,Individual personal trainer or coach,659,Winter & ice sports
Biathlon,Educational institution,0,Winter & ice sports
Billiards/Snooker/Pool,Sports club or association,4365,Racquet & target sports
Billiards/Snooker/Pool,Recreation club or association,1084,Racquet & target sports
Billiards/Snooker/Pool,Gym/fitness club/sports/leisure centre,4327,Racquet & target sports
Billiards/Snooker/Pool,Private or commercial business,2368,Racquet & target sports
Billiards/Snooker/Pool,Individual personal trainer or coach,1541,Racquet & target sports
Billiards/Snooker/Pool,Educational institution,732,Racquet & target sports
BMX,Sports club or association,3103,"Cycling, wheels & motor"
BMX,Recreation club or association,0,"Cycling, wheels & motor"
BMX,Gym/fitness club/sports/leisure centre,0,"Cycling, wheels & motor"
BMX,Private or commercial business,0,"Cycling, wheels & motor"
BMX,Individual personal trainer or coach,1368,"Cycling, wheels & motor"
BMX,Educational institution,424,"Cycling, wheels & motor"
Bobsledding,Sports club or association,0,Winter & ice sports
Bobsledding,Recreation club or association,0,Winter & ice sports
Bobsledding,Gym/fitness club/sports/leisure centre,0,Winter & ice sports
Bobsledding,Private or commercial business,428,Winter & ice sports
Bobsledding,Individual personal trainer or coach,0,Winter & ice sports
Bobsledding,Educational institution,0,Winter & ice sports
Bocce/Boules,Sports club or association,0,Racquet & target sports
Bocce/Boules,Recreation club or association,0,Racquet & target sports
Bocce/Boules,Gym/fitness club/sports/leisure centre,0,Racquet & target sports
Bocce/Boules,Private or commercial business,0,Racquet & target sports
Bocce/Boules,Individual personal trainer or coach,0,Racquet & target sports
Bocce/Boules,Educational institution,0,Racquet & target sports
Boccia,Sports club or association,0,Racquet & target sports
Boccia,Recreation club or association,0,Racquet & target sports
Boccia,Gym/fitness club/sports/leisure centre,0,Racquet & target sports
Boccia,Private or commercial business,0,Racquet & target sports
Boccia,Individual personal trainer or coach,0,Racquet & target sports
Boccia,Educational institution,0,Racquet & target sports
Body building,Sports club or association,1749,Fitness & gym
Body building,Recreation club or association,416,Fitness & gym
Body building,Gym/fitness club/sports/leisure centre,0,Fitness & gym
Body building,Private or commercial business,1510,Fitness & gym
Body building,Individual personal trainer or coach,2191,Fitness & gym
Body building,Educational institution,1110,Fitness & gym
Boomerang throwing,Sports club or association,0,Racquet & target sports
Boomerang throwing,Recreation club or association,0,Racquet & target sports
Boomerang throwing,Gym/fitness club/sports/leisure centre,568,Racquet & target sports
Boomerang throwing,Private or commercial business,0,Racquet & target sports
Boomerang throwing,Individual personal trainer or coach,0,Racquet & target sports
Boomerang throwing,Educational institution,568,Racquet & target sports
Bowls,Sports club or association,102128,Racquet & target sports
Bowls,Recreation club or association,45154,Racquet & target sports
Bowls,Gym/fitness club/sports/leisure centre,5266,Racquet & target sports
Bowls,Private or commercial business,1059,Racquet & target sports
Bowls,Individual personal trainer or coach,6475,Racquet & target sports
Bowls,Educational institution,2751,Racquet & target sports
Boxing,Sports club or association,20808,Combat sports & martial arts
Boxing,Recreation club or association,5758,Combat sports & martial arts
Boxing,Gym/fitness club/sports/leisure centre,50841,Combat sports & martial arts
Boxing,Private or commercial business,40326,Combat sports & martial arts
Boxing,Individual personal trainer or coach,29199,Combat sports & martial arts
Boxing,Educational institution,2747,Combat sports & martial arts
Broomball,Sports club or association,546,Winter & ice sports
Broomball,Recreation club or association,0,Winter & ice sports
Broomball,Gym/fitness club/sports/leisure centre,0,Winter & ice sports
Broomball,Private or commercial business,0,Winter & ice sports
Broomball,Individual personal trainer or coach,0,Winter & ice sports
Broomball,Educational institution,0,Winter & ice sports
Bush walking,Sports club or association,47488,"Running, walking & outdoor"
Bush walking,Recreation club or association,70307,"Running, walking & outdoor"
Bush walking,Gym/fitness club/sports/leisure centre,32735,"Running, walking & outdoor"
Bush walking,Private or commercial business,70775,"Running, walking & outdoor"
Bush walking,Individual personal trainer or coach,26989,"Running, walking & outdoor"
Bush walking,Educational institution,59291,"Running, walking & outdoor"
Calisthenics,Sports club or association,6679,"Dance, gymnastics & performance"
Calisthenics,Recreation club or association,1130,"Dance, gymnastics & performance"
Calisthenics,Gym/fitness club/sports/leisure centre,2124,"Dance, gymnastics & performance"
Calisthenics,Private or commercial business,3044,"Dance, gymnastics & performance"
Calisthenics,Individual personal trainer or coach,2704,"Dance, gymnastics & performance"
Calisthenics,Educational institution,533,"Dance, gymnastics & performance"
Campdrafting,Sports club or association,381,Equestrian
Campdrafting,Recreation club or association,524,Equestrian
Campdrafting,Gym/fitness club/sports/leisure centre,0,Equestrian
Campdrafting,Private or commercial business,0,Equestrian
Campdrafting,Individual personal trainer or coach,0,Equestrian
Campdrafting,Educational institution,0,Equestrian
Canoeing/Kayaking,Sports club or association,6356,Water sports
Canoeing/Kayaking,Recreation club or association,6687,Water sports
Canoeing/Kayaking,Gym/fitness club/sports/leisure centre,2896,Water sports
Canoeing/Kayaking,Private or commercial business,18614,Water sports
Canoeing/Kayaking,Individual personal trainer or coach,3618,Water sports
Canoeing/Kayaking,Educational institution,5370,Water sports
Circus,Sports club or association,514,"Dance, gymnastics & performance"
Circus,Recreation club or association,0,"Dance, gymnastics & performance"
Circus,Gym/fitness club/sports/leisure centre,567,"Dance, gymnastics & performance"
Circus,Private or commercial business,3472,"Dance, gymnastics & performance"
Circus,Individual personal trainer or coach,2142,"Dance, gymnastics & performance"
Circus,Educational institution,2659,"Dance, gymnastics & performance"
Cricket,Sports club or association,218793,Other team sports
Cricket,Recreation club or association,54592,Other team sports
Cricket,Gym/fitness club/sports/leisure centre,35238,Other team sports
Cricket,Private or commercial business,22702,Other team sports
Cricket,Individual personal trainer or coach,25352,Other team sports
Cricket,Educational institution,60091,Other team sports
Croquet,Sports club or association,6712,Racquet & target sports
Croquet,Recreation club or association,8111,Racquet & target sports
Croquet,Gym/fitness club/sports/leisure centre,0,Racquet & target sports
Croquet,Private or commercial business,518,Racquet & target sports
Croquet,Individual personal trainer or coach,0,Racquet & target sports
Croquet,Educational institution,0,Racquet & target sports
Crossfit/Functional fitness,Sports club or association,7350,Fitness & gym
Crossfit/Functional fitness,Recreation club or association,3144,Fitness & gym
Crossfit/Functional fitness,Gym/fitness club/sports/leisure centre,63448,Fitness & gym
Crossfit/Functional fitness,Private or commercial business,48052,Fitness & gym
Crossfit/Functional fitness,Individual personal trainer or coach,10951,Fitness & gym
Crossfit/Functional fitness,Educational institution,1256,Fitness & gym
Curling,Sports club or association,2213,Winter & ice sports
Curling,Recreation club or association,0,Winter & ice sports
Curling,Gym/fitness club/sports/leisure centre,0,Winter & ice sports
Curling,Private or commercial business,0,Winter & ice sports
Curling,Individual personal trainer or coach,0,Winter & ice sports
Curling,Educational institution,701,Winter & ice sports
Cycling,Sports club or association,40683,"Cycling, wheels & motor"
Cycling,Recreation club or association,31978,"Cycling, wheels & motor"
Cycling,Gym/fitness club/sports/leisure centre,43069,"Cycling, wheels & motor"
Cycling,Private or commercial business,20788,"Cycling, wheels & motor"
Cycling,Individual personal trainer or coach,21444,"Cycling, wheels & motor"
Cycling,Educational institution,11249,"Cycling, wheels & motor"
DanceSport,Sports club or association,22788,"Dance, gymnastics & performance"
DanceSport,Recreation club or association,21593,"Dance, gymnastics & performance"
DanceSport,Gym/fitness club/sports/leisure centre,15697,"Dance, gymnastics & performance"
DanceSport,Private or commercial business,72302,"Dance, gymnastics & performance"
DanceSport,Individual personal trainer or coach,16958,"Dance, gymnastics & performance"
DanceSport,Educational institution,23212,"Dance, gymnastics & performance"
Dancing (recreational),Sports club or association,18437,"Dance, gymnastics & performance"
Dancing (recreational),Recreation club or association,27575,"Dance, gymnastics & performance"
Dancing (recreational),Gym/fitness club/sports/leisure centre,24689,"Dance, gymnastics & performance"
Dancing (recreational),Private or commercial business,125494,"Dance, gymnastics & performance"
Dancing (recreational),Individual personal trainer or coach,28695,"Dance, gymnastics & performance"
Dancing (recreational),Educational institution,22355,"Dance, gymnastics & performance"
Darts,Sports club or association,5734,Racquet & target sports
Darts,Recreation club or association,4014,Racquet & target sports
Darts,Gym/fitness club/sports/leisure centre,0,Racquet & target sports
Darts,Private or commercial business,610,Racquet & target sports
Darts,Individual personal trainer or coach,0,Racquet & target sports
Darts,Educational institution,0,Racquet & target sports
Diving,Sports club or association,1725,Water sports
Diving,Recreation club or association,1377,Water sports
Diving,Gym/fitness club/sports/leisure centre,648,Water sports
Diving,Private or commercial business,1887,Water sports
Diving,Individual personal trainer or coach,1617,Water sports
Diving,Educational institution,425,Water sports
Dodgeball,Sports club or association,2288,Other team sports
Dodgeball,Recreation club or association,1129,Other team sports
Dodgeball,Gym/fitness club/sports/leisure centre,641,Other team sports
Dodgeball,Private or commercial business,1763,Other team sports
Dodgeball,Individual personal trainer or coach,0,Other team sports
Dodgeball,Educational institution,4240,Other team sports
Dragon boat racing,Sports club or association,10125,Water sports
Dragon boat racing,Recreation club or association,3956,Water sports
Dragon boat racing,Gym/fitness club/sports/leisure centre,501,Water sports
Dragon boat racing,Private or commercial business,553,Water sports
Dragon boat racing,Individual personal trainer or coach,622,Water sports
Dragon boat racing,Educational institution,501,Water sports
Eight ball,Sports club or association,1427,Racquet & target sports
Eight ball,Recreation club or association,1810,Racquet & target sports
Eight ball,Gym/fitness club/sports/leisure centre,1434,Racquet & target sports
Eight ball,Private or commercial business,682,Racquet & target sports
Eight ball,Individual personal trainer or coach,641,Racquet & target sports
Eight ball,Educational institution,0,Racquet & target sports
Equestrian,Sports club or association,22216,Equestrian
Equestrian,Recreation club or association,7815,Equestrian
Equestrian,Gym/fitness club/sports/leisure centre,2457,Equestrian
Equestrian,Private or commercial business,15480,Equestrian
Equestrian,Individual personal trainer or coach,26833,Equestrian
Equestrian,Educational institution,2245,Equestrian
eSports,Sports club or association,2482,Other
eSports,Recreation club or association,376,Other
eSports,Gym/fitness club/sports/leisure centre,1207,Other
eSports,Private or commercial business,994,Other
eSports,Individual personal trainer or coach,2742,Other
eSports,Educational institution,2335,Other
Fencing,Sports club or association,4404,Combat sports & martial arts
Fencing,Recreation club or association,548,Combat sports & martial arts
Fencing,Gym/fitness club/sports/leisure centre,1632,Combat sports & martial arts
Fencing,Private or commercial business,600,Combat sports & martial arts
Fencing,Individual personal trainer or coach,2037,Combat sports & martial arts
Fencing,Educational institution,980,Combat sports & martial arts
Fishing (recreational),Sports club or association,6546,"Running, walking & outdoor"
Fishing (recreational),Recreation club or association,4865,"Running, walking & outdoor"
Fishing (recreational),Gym/fitness club/sports/leisure centre,3494,"Running, walking & outdoor"
Fishing (recreational),Private or commercial business,6565,"Running, walking & outdoor"
Fishing (recreational),Individual personal trainer or coach,4095,"Running, walking & outdoor"
Fishing (recreational),Educational institution,551,"Running, walking & outdoor"
Fitness/Gym,Sports club or association,199417,Fitness & gym
Fitness/Gym,Recreation club or association,138722,Fitness & gym
Fitness/Gym,Gym/fitness club/sports/leisure centre,1471814,Fitness & gym
Fitness/Gym,Private or commercial business,667425,Fitness & gym
Fitness/Gym,Individual personal trainer or coach,714168,Fitness & gym
Fitness/Gym,Educational institution,96050,Fitness & gym
Floorball,Sports club or association,1148,Other team sports
Floorball,Recreation club or association,682,Other team sports
Floorball,Gym/fitness club/sports/leisure centre,1892,Other team sports
Floorball,Private or commercial business,0,Other team sports
Floorball,Individual personal trainer or coach,0,Other team sports
Floorball,Educational institution,1666,Other team sports
Flying disc,Sports club or association,6905,Other team sports
Flying disc,Recreation club or association,6589,Other team sports
Flying disc,Gym/fitness club/sports/leisure centre,1158,Other team sports
Flying disc,Private or commercial business,404,Other team sports
Flying disc,Individual personal trainer or coach,1789,Other team sports
Flying disc,Educational institution,8468,Other team sports
Football/soccer,Sports club or association,404731,Football codes
Football/soccer,Recreation club or association,151213,Football codes
Football/soccer,Gym/fitness club/sports/leisure centre,93461,Football codes
Football/soccer,Private or commercial business,47602,Football codes
Football/soccer,Individual personal trainer or coach,74572,Football codes
Football/soccer,Educational institution,149565,Football codes
Gaelic football,Sports club or association,6856,Football codes
Gaelic football,Recreation club or association,2169,Football codes
Gaelic football,Gym/fitness club/sports/leisure centre,1183,Football codes
Gaelic football,Private or commercial business,2910,Football codes
Gaelic football,Individual personal trainer or coach,0,Football codes
Gaelic football,Educational institution,2406,Football codes
Geocaching,Sports club or association,0,"Running, walking & outdoor"
Geocaching,Recreation club or association,522,"Running, walking & outdoor"
Geocaching,Gym/fitness club/sports/leisure centre,641,"Running, walking & outdoor"
Geocaching,Private or commercial business,0,"Running, walking & outdoor"
Geocaching,Individual personal trainer or coach,522,"Running, walking & outdoor"
Geocaching,Educational institution,0,"Running, walking & outdoor"
Goalball,Sports club or association,606,Other team sports
Goalball,Recreation club or association,606,Other team sports
Goalball,Gym/fitness club/sports/leisure centre,606,Other team sports
Goalball,Private or commercial business,0,Other team sports
Goalball,Individual personal trainer or coach,1686,Other team sports
Goalball,Educational institution,606,Other team sports
Golf,Sports club or association,308222,Racquet & target sports
Golf,Recreation club or association,81913,Racquet & target sports
Golf,Gym/fitness club/sports/leisure centre,19619,Racquet & target sports
Golf,Private or commercial business,45552,Racquet & target sports
Golf,Individual personal trainer or coach,45011,Racquet & target sports
Golf,Educational institution,9815,Racquet & target sports
Gridiron,Sports club or association,837,Football codes
Gridiron,Recreation club or association,984,Football codes
Gridiron,Gym/fitness club/sports/leisure centre,1200,Football codes
Gridiron,Private or commercial business,0,Football codes
Gridiron,Individual personal trainer or coach,1171,Football codes
Gridiron,Educational institution,0,Football codes
Guides,Sports club or association,596,Other
Guides,Recreation club or association,0,Other
Guides,Gym/fitness club/sports/leisure centre,0,Other
Guides,Private or commercial business,0,Other
Guides,Individual personal trainer or coach,0,Other
Guides,Educational institution,0,Other
Gymnastics,Sports club or association,24259,"Dance, gymnastics & performance"
Gymnastics,Recreation club or association,8596,"Dance, gymnastics & performance"
Gymnastics,Gym/fitness club/sports/leisure centre,14647,"Dance, gymnastics & performance"
Gymnastics,Private or commercial business,19837,"Dance, gymnastics & performance"
Gymnastics,Individual personal trainer or coach,6975,"Dance, gymnastics & performance"
Gymnastics,Educational institution,10471,"Dance, gymnastics & performance"
Handball,Sports club or association,340,Other team sports
Handball,Recreation club or association,805,Other team sports
Handball,Gym/fitness club/sports/leisure centre,0,Other team sports
Handball,Private or commercial business,792,Other team sports
Handball,Individual personal trainer or coach,1353,Other team sports
Handball,Educational institution,5632,Other team sports
Harness racing,Sports club or association,0,Equestrian
Harness racing,Recreation club or association,536,Equestrian
Harness racing,Gym/fitness club/sports/leisure centre,0,Equestrian
Harness racing,Private or commercial business,536,Equestrian
Harness racing,Individual personal trainer or coach,1113,Equestrian
Harness racing,Educational institution,536,Equestrian
Hockey,Sports club or association,80039,Other team sports
Hockey,Recreation club or association,13706,Other team sports
Hockey,Gym/fitness club/sports/leisure centre,2845,Other team sports
Hockey,Private or commercial business,1063,Other team sports
Hockey,Individual personal trainer or coach,2197,Other team sports
Hockey,Educational institution,16065,Other team sports
Horse racing,Sports club or association,1685,Equestrian
Horse racing,Recreation club or association,1194,Equestrian
Horse racing,Gym/fitness club/sports/leisure centre,456,Equestrian
Horse racing,Private or commercial business,376,Equestrian
Horse racing,Individual personal trainer or coach,534,Equestrian
Horse racing,Educational institution,534,Equestrian
Ice hockey,Sports club or association,4391,Winter & ice sports
Ice hockey,Recreation club or association,5312,Winter & ice sports
Ice hockey,Gym/fitness club/sports/leisure centre,1612,Winter & ice sports
Ice hockey,Private or commercial business,630,Winter & ice sports
Ice hockey,Individual personal trainer or coach,1035,Winter & ice sports
Ice hockey,Educational institution,0,Winter & ice sports
Ice racing/speed skating,Sports club or association,1017,Winter & ice sports
Ice racing/speed skating,Recreation club or association,561,Winter & ice sports
Ice racing/speed skating,Gym/fitness club/sports/leisure centre,0,Winter & ice sports
Ice racing/speed skating,Private or commercial business,0,Winter & ice sports
Ice racing/speed skating,Individual personal trainer or coach,1017,Winter & ice sports
Ice racing/speed skating,Educational institution,456,Winter & ice sports
Ice skating,Sports club or association,4697,Winter & ice sports
Ice skating,Recreation club or association,2109,Winter & ice sports
Ice skating,Gym/fitness club/sports/leisure centre,2422,Winter & ice sports
Ice skating,Private or commercial business,11933,Winter & ice sports
Ice skating,Individual personal trainer or coach,3612,Winter & ice sports
Ice skating,Educational institution,3229,Winter & ice sports
Jet skiing,Sports club or association,927,Water sports
Jet skiing,Recreation club or association,1185,Water sports
Jet skiing,Gym/fitness club/sports/leisure centre,493,Water sports
Jet skiing,Private or commercial business,2402,Water sports
Jet skiing,Individual personal trainer or coach,0,Water sports
Jet skiing,Educational institution,0,Water sports
Judo,Sports club or association,3754,Combat sports & martial arts
Judo,Recreation club or association,1573,Combat sports & martial arts
Judo,Gym/fitness club/sports/leisure centre,1631,Combat sports & martial arts
Judo,Private or commercial business,1655,Combat sports & martial arts
Judo,Individual personal trainer or coach,1768,Combat sports & martial arts
Judo,Educational institution,4989,Combat sports & martial arts
Jujitsu,Sports club or association,13121,Combat sports & martial arts
Jujitsu,Recreation club or association,2394,Combat sports & martial arts
Jujitsu,Gym/fitness club/sports/leisure centre,3644,Combat sports & martial arts
Jujitsu,Private or commercial business,16641,Combat sports & martial arts
Jujitsu,Individual personal trainer or coach,4835,Combat sports & martial arts
Jujitsu,Educational institution,0,Combat sports & martial arts
Karate,Sports club or association,11768,Combat sports & martial arts
Karate,Recreation club or association,3663,Combat sports & martial arts
Karate,Gym/fitness club/sports/leisure centre,2061,Combat sports & martial arts
Karate,Private or commercial business,16549,Combat sports & martial arts
Karate,Individual personal trainer or coach,5797,Combat sports & martial arts
Karate,Educational institution,2345,Combat sports & martial arts
Kendo,Sports club or association,3168,Combat sports & martial arts
Kendo,Recreation club or association,585,Combat sports & martial arts
Kendo,Gym/fitness club/sports/leisure centre,0,Combat sports & martial arts
Kendo,Private or commercial business,1966,Combat sports & martial arts
Kendo,Individual personal trainer or coach,530,Combat sports & martial arts
Kendo,Educational institution,568,Combat sports & martial arts
Kitesurfing/kiteboarding,Sports club or association,0,Water sports
Kitesurfing/kiteboarding,Recreation club or association,0,Water sports
Kitesurfing/kiteboarding,Gym/fitness club/sports/leisure centre,0,Water sports
Kitesurfing/kiteboarding,Private or commercial business,0,Water sports
Kitesurfing/kiteboarding,Individual personal trainer or coach,0,Water sports
Kitesurfing/kiteboarding,Educational institution,0,Water sports
Korfball,Sports club or association,571,Other team sports
Korfball,Recreation club or association,0,Other team sports
Korfball,Gym/fitness club/sports/leisure centre,0,Other team sports
Korfball,Private or commercial business,0,Other team sports
Korfball,Individual personal trainer or coach,0,Other team sports
Korfball,Educational institution,0,Other team sports
Kung fu wushu,Sports club or association,0,Combat sports & martial arts
Kung fu wushu,Recreation club or association,0,Combat sports & martial arts
Kung fu wushu,Gym/fitness club/sports/leisure centre,0,Combat sports & martial arts
Kung fu wushu,Private or commercial business,1647,Combat sports & martial arts
Kung fu wushu,Individual personal trainer or coach,0,Combat sports & martial arts
Kung fu wushu,Educational institution,0,Combat sports & martial arts
Lacrosse,Sports club or association,4532,Other team sports
Lacrosse,Recreation club or association,1105,Other team sports
Lacrosse,Gym/fitness club/sports/leisure centre,477,Other team sports
Lacrosse,Private or commercial business,477,Other team sports
Lacrosse,Individual personal trainer or coach,0,Other team sports
Lacrosse,Educational institution,2714,Other team sports
Lifesaving royal,Sports club or association,0,Water sports
Lifesaving royal,Recreation club or association,573,Water sports
Lifesaving royal,Gym/fitness club/sports/leisure centre,573,Water sports
Lifesaving royal,Private or commercial business,573,Water sports
Lifesaving royal,Individual personal trainer or coach,573,Water sports
Lifesaving royal,Educational institution,573,Water sports
Lifesaving surf,Sports club or association,12272,Water sports
Lifesaving surf,Recreation club or association,3780,Water sports
Lifesaving surf,Gym/fitness club/sports/leisure centre,1581,Water sports
Lifesaving surf,Private or commercial business,0,Water sports
Lifesaving surf,Individual personal trainer or coach,1159,Water sports
Lifesaving surf,Educational institution,2719,Water sports
Luging,Sports club or association,0,Winter & ice sports
Luging,Recreation club or association,0,Winter & ice sports
Luging,Gym/fitness club/sports/leisure centre,0,Winter & ice sports
Luging,Private or commercial business,0,Winter & ice sports
Luging,Individual personal trainer or coach,0,Winter & ice sports
Luging,Educational institution,0,Winter & ice sports
Marching,Sports club or association,644,"Dance, gymnastics & performance"
Marching,Recreation club or association,0,"Dance, gymnastics & performance"
Marching,Gym/fitness club/sports/leisure centre,0,"Dance, gymnastics & performance"
Marching,Private or commercial business,0,"Dance, gymnastics & performance"
Marching,Individual personal trainer or coach,0,"Dance, gymnastics & performance"
Marching,Educational institution,0,"Dance, gymnastics & performance"
Martial arts,Sports club or association,13486,Combat sports & martial arts
Martial arts,Recreation club or association,9015,Combat sports & martial arts
Martial arts,Gym/fitness club/sports/leisure centre,24718,Combat sports & martial arts
Martial arts,Private or commercial business,32806,Combat sports & martial arts
Martial arts,Individual personal trainer or coach,9746,Combat sports & martial arts
Martial arts,Educational institution,2564,Combat sports & martial arts
Mixed martial arts,Sports club or association,4077,Combat sports & martial arts
Mixed martial arts,Recreation club or association,0,Combat sports & martial arts
Mixed martial arts,Gym/fitness club/sports/leisure centre,3666,Combat sports & martial arts
Mixed martial arts,Private or commercial business,5956,Combat sports & martial arts
Mixed martial arts,Individual personal trainer or coach,2267,Combat sports & martial arts
Mixed martial arts,Educational institution,0,Combat sports & martial arts
Modern pentathlon,Sports club or association,0,Other
Modern pentathlon,Recreation club or association,0,Other
Modern pentathlon,Gym/fitness club/sports/leisure centre,0,Other
Modern pentathlon,Private or commercial business,0,Other
Modern pentathlon,Individual personal trainer or coach,0,Other
Modern pentathlon,Educational institution,0,Other
Motor cycling,Sports club or association,22895,"Cycling, wheels & motor"
Motor cycling,Recreation club or association,10143,"Cycling, wheels & motor"
Motor cycling,Gym/fitness club/sports/leisure centre,15148,"Cycling, wheels & motor"
Motor cycling,Private or commercial business,11766,"Cycling, wheels & motor"
Motor cycling,Individual personal trainer or coach,7731,"Cycling, wheels & motor"
Motor cycling,Educational institution,6476,"Cycling, wheels & motor"
Motor sport,Sports club or association,15896,"Cycling, wheels & motor"
Motor sport,Recreation club or association,6282,"Cycling, wheels & motor"
Motor sport,Gym/fitness club/sports/leisure centre,1820,"Cycling, wheels & motor"
Motor sport,Private or commercial business,5842,"Cycling, wheels & motor"
Motor sport,Individual personal trainer or coach,1753,"Cycling, wheels & motor"
Motor sport,Educational institution,1229,"Cycling, wheels & motor"
Mountain biking,Sports club or association,4102,"Cycling, wheels & motor"
Mountain biking,Recreation club or association,2772,"Cycling, wheels & motor"
Mountain biking,Gym/fitness club/sports/leisure centre,1047,"Cycling, wheels & motor"
Mountain biking,Private or commercial business,897,"Cycling, wheels & motor"
Mountain biking,Individual personal trainer or coach,1725,"Cycling, wheels & motor"
Mountain biking,Educational institution,2809,"Cycling, wheels & motor"
Mountain climbing,Sports club or association,0,"Running, walking & outdoor"
Mountain climbing,Recreation club or association,336,"Running, walking & outdoor"
Mountain climbing,Gym/fitness club/sports/leisure centre,556,"Running, walking & outdoor"
Mountain climbing,Private or commercial business,1929,"Running, walking & outdoor"
Mountain climbing,Individual personal trainer or coach,347,"Running, walking & outdoor"
Mountain climbing,Educational institution,826,"Running, walking & outdoor"
Muay Thai,Sports club or association,6323,Combat sports & martial arts
Muay Thai,Recreation club or association,568,Combat sports & martial arts
Muay Thai,Gym/fitness club/sports/leisure centre,6013,Combat sports & martial arts
Muay Thai,Private or commercial business,16469,Combat sports & martial arts
Muay Thai,Individual personal trainer or coach,7409,Combat sports & martial arts
Muay Thai,Educational institution,1468,Combat sports & martial arts
Netball,Sports club or association,222251,Other team sports
Netball,Recreation club or association,84542,Other team sports
Netball,Gym/fitness club/sports/leisure centre,37521,Other team sports
Netball,Private or commercial business,16000,Other team sports
Netball,Individual personal trainer or coach,10576,Other team sports
Netball,Educational institution,56343,Other team sports
Obstacle,Sports club or association,2659,Fitness & gym
Obstacle,Recreation club or association,0,Fitness & gym
Obstacle,Gym/fitness club/sports/leisure centre,394,Fitness & gym
Obstacle,Private or commercial business,1491,Fitness & gym
Obstacle,Individual personal trainer or coach,0,Fitness & gym
Obstacle,Educational institution,394,Fitness & gym
Orienteering,Sports club or association,5847,"Running, walking & outdoor"
Orienteering,Recreation club or association,337,"Running, walking & outdoor"
Orienteering,Gym/fitness club/sports/leisure centre,0,"Running, walking & outdoor"
Orienteering,Private or commercial business,0,"Running, walking & outdoor"
Orienteering,Individual personal trainer or coach,434,"Running, walking & outdoor"
Orienteering,Educational institution,3051,"Running, walking & outdoor"
Outrigger canoe,Sports club or association,4132,Water sports
Outrigger canoe,Recreation club or association,0,Water sports
Outrigger canoe,Gym/fitness club/sports/leisure centre,1087,Water sports
Outrigger canoe,Private or commercial business,310,Water sports
Outrigger canoe,Individual personal trainer or coach,0,Water sports
Outrigger canoe,Educational institution,336,Water sports
Oztag,Sports club or association,20576,Football codes
Oztag,Recreation club or association,5360,Football codes
Oztag,Gym/fitness club/sports/leisure centre,3605,Football codes
Oztag,Private or commercial business,2820,Football codes
Oztag,Individual personal trainer or coach,525,Football codes
Oztag,Educational institution,8452,Football codes
Paddle sports,Sports club or association,5476,Water sports
Paddle sports,Recreation club or association,2882,Water sports
Paddle sports,Gym/fitness club/sports/leisure centre,1891,Water sports
Paddle sports,Private or commercial business,4772,Water sports
Paddle sports,Individual personal trainer or coach,732,Water sports
Paddle sports,Educational institution,0,Water sports
Paintball,Sports club or association,0,"Running, walking & outdoor"
Paintball,Recreation club or association,0,"Running, walking & outdoor"
Paintball,Gym/fitness club/sports/leisure centre,0,"Running, walking & outdoor"
Paintball,Private or commercial business,1024,"Running, walking & outdoor"
Paintball,Individual personal trainer or coach,526,"Running, walking & outdoor"
Paintball,Educational institution,636,"Running, walking & outdoor"
Parkour,Sports club or association,0,"Running, walking & outdoor"
Parkour,Recreation club or association,0,"Running, walking & outdoor"
Parkour,Gym/fitness club/sports/leisure centre,0,"Running, walking & outdoor"
Parkour,Private or commercial business,0,"Running, walking & outdoor"
Parkour,Individual personal trainer or coach,0,"Running, walking & outdoor"
Parkour,Educational institution,0,"Running, walking & outdoor"
Petanque,Sports club or association,741,Racquet & target sports
Petanque,Recreation club or association,0,Racquet & target sports
Petanque,Gym/fitness club/sports/leisure centre,0,Racquet & target sports
Petanque,Private or commercial business,0,Racquet & target sports
Petanque,Individual personal trainer or coach,0,Racquet & target sports
Petanque,Educational institution,0,Racquet & target sports
Physical Culture,Sports club or association,4807,"Dance, gymnastics & performance"
Physical Culture,Recreation club or association,0,"Dance, gymnastics & performance"
Physical Culture,Gym/fitness club/sports/leisure centre,4593,"Dance, gymnastics & performance"
Physical Culture,Private or commercial business,1337,"Dance, gymnastics & performance"
Physical Culture,Individual personal trainer or coach,383,"Dance, gymnastics & performance"
Physical Culture,Educational institution,504,"Dance, gymnastics & performance"
Pickleball/padel,Sports club or association,38671,Racquet & target sports
Pickleball/padel,Recreation club or association,22813,Racquet & target sports
Pickleball/padel,Gym/fitness club/sports/leisure centre,25812,Racquet & target sports
Pickleball/padel,Private or commercial business,14774,Racquet & target sports
Pickleball/padel,Individual personal trainer or coach,6273,Racquet & target sports
Pickleball/padel,Educational institution,8697,Racquet & target sports
Pilates,Sports club or association,19083,Fitness & gym
Pilates,Recreation club or association,17220,Fitness & gym
Pilates,Gym/fitness club/sports/leisure centre,392114,Fitness & gym
Pilates,Private or commercial business,830772,Fitness & gym
Pilates,Individual personal trainer or coach,98225,Fitness & gym
Pilates,Educational institution,15092,Fitness & gym
Polo,Sports club or association,332,Equestrian
Polo,Recreation club or association,0,Equestrian
Polo,Gym/fitness club/sports/leisure centre,0,Equestrian
Polo,Private or commercial business,0,Equestrian
Polo,Individual personal trainer or coach,0,Equestrian
Polo,Educational institution,0,Equestrian
Polocrosse,Sports club or association,1008,Equestrian
Polocrosse,Recreation club or association,0,Equestrian
Polocrosse,Gym/fitness club/sports/leisure centre,0,Equestrian
Polocrosse,Private or commercial business,0,Equestrian
Polocrosse,Individual personal trainer or coach,0,Equestrian
Polocrosse,Educational institution,0,Equestrian
Pony Club,Sports club or association,3610,Equestrian
Pony Club,Recreation club or association,435,Equestrian
Pony Club,Gym/fitness club/sports/leisure centre,594,Equestrian
Pony Club,Private or commercial business,1562,Equestrian
Pony Club,Individual personal trainer or coach,2051,Equestrian
Pony Club,Educational institution,448,Equestrian
Powerlifting,Sports club or association,536,Fitness & gym
Powerlifting,Recreation club or association,597,Fitness & gym
Powerlifting,Gym/fitness club/sports/leisure centre,2660,Fitness & gym
Powerlifting,Private or commercial business,498,Fitness & gym
Powerlifting,Individual personal trainer or coach,3836,Fitness & gym
Powerlifting,Educational institution,0,Fitness & gym
Ready Steady Go Kids,Sports club or association,0,Other
Ready Steady Go Kids,Recreation club or association,521,Other
Ready Steady Go Kids,Gym/fitness club/sports/leisure centre,685,Other
Ready Steady Go Kids,Private or commercial business,0,Other
Ready Steady Go Kids,Individual personal trainer or coach,0,Other
Ready Steady Go Kids,Educational institution,0,Other
Rock climbing/Abseiling/Caving,Sports club or association,5956,"Running, walking & outdoor"
Rock climbing/Abseiling/Caving,Recreation club or association,2319,"Running, walking & outdoor"
Rock climbing/Abseiling/Caving,Gym/fitness club/sports/leisure centre,1664,"Running, walking & outdoor"
Rock climbing/Abseiling/Caving,Private or commercial business,6806,"Running, walking & outdoor"
Rock climbing/Abseiling/Caving,Individual personal trainer or coach,1180,"Running, walking & outdoor"
Rock climbing/Abseiling/Caving,Educational institution,13217,"Running, walking & outdoor"
Rodeo,Sports club or association,595,Equestrian
Rodeo,Recreation club or association,0,Equestrian
Rodeo,Gym/fitness club/sports/leisure centre,0,Equestrian
Rodeo,Private or commercial business,0,Equestrian
Rodeo,Individual personal trainer or coach,595,Equestrian
Rodeo,Educational institution,0,Equestrian
Rogaining,Sports club or association,1674,"Running, walking & outdoor"
Rogaining,Recreation club or association,423,"Running, walking & outdoor"
Rogaining,Gym/fitness club/sports/leisure centre,0,"Running, walking & outdoor"
Rogaining,Private or commercial business,0,"Running, walking & outdoor"
Rogaining,Individual personal trainer or coach,0,"Running, walking & outdoor"
Rogaining,Educational institution,0,"Running, walking & outdoor"
Roller Derby,Sports club or association,2091,"Cycling, wheels & motor"
Roller Derby,Recreation club or association,543,"Cycling, wheels & motor"
Roller Derby,Gym/fitness club/sports/leisure centre,0,"Cycling, wheels & motor"
Roller Derby,Private or commercial business,0,"Cycling, wheels & motor"
Roller Derby,Individual personal trainer or coach,0,"Cycling, wheels & motor"
Roller Derby,Educational institution,0,"Cycling, wheels & motor"
Rope skipping,Sports club or association,496,Fitness & gym
Rope skipping,Recreation club or association,1173,Fitness & gym
Rope skipping,Gym/fitness club/sports/leisure centre,985,Fitness & gym
Rope skipping,Private or commercial business,0,Fitness & gym
Rope skipping,Individual personal trainer or coach,1173,Fitness & gym
Rope skipping,Educational institution,579,Fitness & gym
Rowing,Sports club or association,18383,Water sports
Rowing,Recreation club or association,6702,Water sports
Rowing,Gym/fitness club/sports/leisure centre,7706,Water sports
Rowing,Private or commercial business,1635,Water sports
Rowing,Individual personal trainer or coach,3334,Water sports
Rowing,Educational institution,11215,Water sports
Rugby league,Sports club or association,62290,Football codes
Rugby league,Recreation club or association,18322,Football codes
Rugby league,Gym/fitness club/sports/leisure centre,15772,Football codes
Rugby league,Private or commercial business,9911,Football codes
Rugby league,Individual personal trainer or coach,14295,Football codes
Rugby league,Educational institution,23826,Football codes
Rugby union,Sports club or association,38067,Football codes
Rugby union,Recreation club or association,15194,Football codes
Rugby union,Gym/fitness club/sports/leisure centre,7028,Football codes
Rugby union,Private or commercial business,5165,Football codes
Rugby union,Individual personal trainer or coach,7136,Football codes
Rugby union,Educational institution,13679,Football codes
Running/jogging,Sports club or association,157429,"Running, walking & outdoor"
Running/jogging,Recreation club or association,118336,"Running, walking & outdoor"
Running/jogging,Gym/fitness club/sports/leisure centre,146370,"Running, walking & outdoor"
Running/jogging,Private or commercial business,72938,"Running, walking & outdoor"
Running/jogging,Individual personal trainer or coach,90833,"Running, walking & outdoor"
Running/jogging,Educational institution,99333,"Running, walking & outdoor"
Sailing,Sports club or association,22715,Water sports
Sailing,Recreation club or association,5773,Water sports
Sailing,Gym/fitness club/sports/leisure centre,1707,Water sports
Sailing,Private or commercial business,1557,Water sports
Sailing,Individual personal trainer or coach,361,Water sports
Sailing,Educational institution,3013,Water sports
Scootering,Sports club or association,591,"Cycling, wheels & motor"
Scootering,Recreation club or association,0,"Cycling, wheels & motor"
Scootering,Gym/fitness club/sports/leisure centre,0,"Cycling, wheels & motor"
Scootering,Private or commercial business,0,"Cycling, wheels & motor"
Scootering,Individual personal trainer or coach,522,"Cycling, wheels & motor"
Scootering,Educational institution,0,"Cycling, wheels & motor"
Scouts,Sports club or association,0,Other
Scouts,Recreation club or association,666,Other
Scouts,Gym/fitness club/sports/leisure centre,0,Other
Scouts,Private or commercial business,0,Other
Scouts,Individual personal trainer or coach,0,Other
Scouts,Educational institution,0,Other
Sepak takraw,Sports club or association,0,Other team sports
Sepak takraw,Recreation club or association,0,Other team sports
Sepak takraw,Gym/fitness club/sports/leisure centre,597,Other team sports
Sepak takraw,Private or commercial business,0,Other team sports
Sepak takraw,Individual personal trainer or coach,0,Other team sports
Sepak takraw,Educational institution,0,Other team sports
Shooting/field,Sports club or association,16944,Racquet & target sports
Shooting/field,Recreation club or association,4929,Racquet & target sports
Shooting/field,Gym/fitness club/sports/leisure centre,496,Racquet & target sports
Shooting/field,Private or commercial business,553,Racquet & target sports
Shooting/field,Individual personal trainer or coach,1510,Racquet & target sports
Shooting/field,Educational institution,0,Racquet & target sports
Shooting/range,Sports club or association,16971,Racquet & target sports
Shooting/range,Recreation club or association,4071,Racquet & target sports
Shooting/range,Gym/fitness club/sports/leisure centre,533,Racquet & target sports
Shooting/range,Private or commercial business,2810,Racquet & target sports
Shooting/range,Individual personal trainer or coach,1944,Racquet & target sports
Shooting/range,Educational institution,933,Racquet & target sports
Skate,Sports club or association,3309,"Cycling, wheels & motor"
Skate,Recreation club or association,2354,"Cycling, wheels & motor"
Skate,Gym/fitness club/sports/leisure centre,1108,"Cycling, wheels & motor"
Skate,Private or commercial business,3590,"Cycling, wheels & motor"
Skate,Individual personal trainer or coach,1219,"Cycling, wheels & motor"
Skate,Educational institution,1628,"Cycling, wheels & motor"
Skeleton,Sports club or association,0,Winter & ice sports
Skeleton,Recreation club or association,0,Winter & ice sports
Skeleton,Gym/fitness club/sports/leisure centre,0,Winter & ice sports
Skeleton,Private or commercial business,0,Winter & ice sports
Skeleton,Individual personal trainer or coach,0,Winter & ice sports
Skeleton,Educational institution,0,Winter & ice sports
Ski & snowboard,Sports club or association,4189,Winter & ice sports
Ski & snowboard,Recreation club or association,3297,Winter & ice sports
Ski & snowboard,Gym/fitness club/sports/leisure centre,1173,Winter & ice sports
Ski & snowboard,Private or commercial business,5995,Winter & ice sports
Ski & snowboard,Individual personal trainer or coach,9499,Winter & ice sports
Ski & snowboard,Educational institution,2596,Winter & ice sports
Skirmish,Sports club or association,0,"Running, walking & outdoor"
Skirmish,Recreation club or association,0,"Running, walking & outdoor"
Skirmish,Gym/fitness club/sports/leisure centre,0,"Running, walking & outdoor"
Skirmish,Private or commercial business,0,"Running, walking & outdoor"
Skirmish,Individual personal trainer or coach,0,"Running, walking & outdoor"
Skirmish,Educational institution,0,"Running, walking & outdoor"
Softball,Sports club or association,19461,Other team sports
Softball,Recreation club or association,3257,Other team sports
Softball,Gym/fitness club/sports/leisure centre,2182,Other team sports
Softball,Private or commercial business,339,Other team sports
Softball,Individual personal trainer or coach,1564,Other team sports
Softball,Educational institution,3455,Other team sports
Sport climbing,Sports club or association,6249,"Running, walking & outdoor"
Sport climbing,Recreation club or association,3849,"Running, walking & outdoor"
Sport climbing,Gym/fitness club/sports/leisure centre,7346,"Running, walking & outdoor"
Sport climbing,Private or commercial business,12754,"Running, walking & outdoor"
Sport climbing,Individual personal trainer or coach,2957,"Running, walking & outdoor"
Sport climbing,Educational institution,4321,"Running, walking & outdoor"
Squash,Sports club or association,15150,Racquet & target sports
Squash,Recreation club or association,9008,Racquet & target sports
Squash,Gym/fitness club/sports/leisure centre,4219,Racquet & target sports
Squash,Private or commercial business,2452,Racquet & target sports
Squash,Individual personal trainer or coach,1790,Racquet & target sports
Squash,Educational institution,1106,Racquet & target sports
Surfing,Sports club or association,4129,Water sports
Surfing,Recreation club or association,4129,Water sports
Surfing,Gym/fitness club/sports/leisure centre,3179,Water sports
Surfing,Private or commercial business,10079,Water sports
Surfing,Individual personal trainer or coach,9471,Water sports
Surfing,Educational institution,2573,Water sports
Swimming,Sports club or association,109347,Water sports
Swimming,Recreation club or association,60630,Water sports
Swimming,Gym/fitness club/sports/leisure centre,173387,Water sports
Swimming,Private or commercial business,77712,Water sports
Swimming,Individual personal trainer or coach,83697,Water sports
Swimming,Educational institution,67367,Water sports
Sword fighting,Sports club or association,1638,Combat sports & martial arts
Sword fighting,Recreation club or association,0,Combat sports & martial arts
Sword fighting,Gym/fitness club/sports/leisure centre,0,Combat sports & martial arts
Sword fighting,Private or commercial business,1117,Combat sports & martial arts
Sword fighting,Individual personal trainer or coach,0,Combat sports & martial arts
Sword fighting,Educational institution,0,Combat sports & martial arts
Synchronised swimming,Sports club or association,2358,Water sports
Synchronised swimming,Recreation club or association,1495,Water sports
Synchronised swimming,Gym/fitness club/sports/leisure centre,600,Water sports
Synchronised swimming,Private or commercial business,664,Water sports
Synchronised swimming,Individual personal trainer or coach,553,Water sports
Synchronised swimming,Educational institution,1264,Water sports
Table tennis,Sports club or association,42793,Racquet & target sports
Table tennis,Recreation club or association,27619,Racquet & target sports
Table tennis,Gym/fitness club/sports/leisure centre,16932,Racquet & target sports
Table tennis,Private or commercial business,7355,Racquet & target sports
Table tennis,Individual personal trainer or coach,16289,Racquet & target sports
Table tennis,Educational institution,26511,Racquet & target sports
Taekwondo/Taekwon-do,Sports club or association,9742,Combat sports & martial arts
Taekwondo/Taekwon-do,Recreation club or association,572,Combat sports & martial arts
Taekwondo/Taekwon-do,Gym/fitness club/sports/leisure centre,2263,Combat sports & martial arts
Taekwondo/Taekwon-do,Private or commercial business,9380,Combat sports & martial arts
Taekwondo/Taekwon-do,Individual personal trainer or coach,2549,Combat sports & martial arts
Taekwondo/Taekwon-do,Educational institution,557,Combat sports & martial arts
Tee ball,Sports club or association,863,Other team sports
Tee ball,Recreation club or association,524,Other team sports
Tee ball,Gym/fitness club/sports/leisure centre,524,Other team sports
Tee ball,Private or commercial business,0,Other team sports
Tee ball,Individual personal trainer or coach,524,Other team sports
Tee ball,Educational institution,463,Other team sports
Tennis,Sports club or association,197366,Racquet & target sports
Tennis,Recreation club or association,65152,Racquet & target sports
Tennis,Gym/fitness club/sports/leisure centre,39582,Racquet & target sports
Tennis,Private or commercial business,38718,Racquet & target sports
Tennis,Individual personal trainer or coach,76785,Racquet & target sports
Tennis,Educational institution,43825,Racquet & target sports
Tenpin bowling,Sports club or association,13181,Racquet & target sports
Tenpin bowling,Recreation club or association,7185,Racquet & target sports
Tenpin bowling,Gym/fitness club/sports/leisure centre,3674,Racquet & target sports
Tenpin bowling,Private or commercial business,9245,Racquet & target sports
Tenpin bowling,Individual personal trainer or coach,2456,Racquet & target sports
Tenpin bowling,Educational institution,4431,Racquet & target sports
Tobogganing,Sports club or association,0,Winter & ice sports
Tobogganing,Recreation club or association,0,Winter & ice sports
Tobogganing,Gym/fitness club/sports/leisure centre,0,Winter & ice sports
Tobogganing,Private or commercial business,0,Winter & ice sports
Tobogganing,Individual personal trainer or coach,0,Winter & ice sports
Tobogganing,Educational institution,0,Winter & ice sports
Touch football,Sports club or association,64318,Football codes
Touch football,Recreation club or association,18227,Football codes
Touch football,Gym/fitness club/sports/leisure centre,6696,Football codes
Touch football,Private or commercial business,1727,Football codes
Touch football,Individual personal trainer or coach,1169,Football codes
Touch football,Educational institution,18387,Football codes
Triathlon,Sports club or association,8077,"Running, walking & outdoor"
Triathlon,Recreation club or association,2868,"Running, walking & outdoor"
Triathlon,Gym/fitness club/sports/leisure centre,650,"Running, walking & outdoor"
Triathlon,Private or commercial business,1818,"Running, walking & outdoor"
Triathlon,Individual personal trainer or coach,2064,"Running, walking & outdoor"
Triathlon,Educational institution,1850,"Running, walking & outdoor"
Underwater sports,Sports club or association,7886,Water sports
Underwater sports,Recreation club or association,6589,Water sports
Underwater sports,Gym/fitness club/sports/leisure centre,3235,Water sports
Underwater sports,Private or commercial business,51602,Water sports
Underwater sports,Individual personal trainer or coach,7498,Water sports
Underwater sports,Educational institution,6870,Water sports
Virtual based physical activity,Sports club or association,6217,Fitness & gym
Virtual based physical activity,Recreation club or association,8499,Fitness & gym
Virtual based physical activity,Gym/fitness club/sports/leisure centre,4672,Fitness & gym
Virtual based physical activity,Private or commercial business,7366,Fitness & gym
Virtual based physical activity,Individual personal trainer or coach,6405,Fitness & gym
Virtual based physical activity,Educational institution,4666,Fitness & gym
Volleyball (indoor and outdoor),Sports club or association,58151,Other team sports
Volleyball (indoor and outdoor),Recreation club or association,34564,Other team sports
Volleyball (indoor and outdoor),Gym/fitness club/sports/leisure centre,23102,Other team sports
Volleyball (indoor and outdoor),Private or commercial business,15009,Other team sports
Volleyball (indoor and outdoor),Individual personal trainer or coach,5414,Other team sports
Volleyball (indoor and outdoor),Educational institution,70348,Other team sports
Walking (Recreational),Sports club or association,60176,"Running, walking & outdoor"
Walking (Recreational),Recreation club or association,79553,"Running, walking & outdoor"
Walking (Recreational),Gym/fitness club/sports/leisure centre,75843,"Running, walking & outdoor"
Walking (Recreational),Private or commercial business,39577,"Running, walking & outdoor"
Walking (Recreational),Individual personal trainer or coach,45456,"Running, walking & outdoor"
Walking (Recreational),Educational institution,81807,"Running, walking & outdoor"
Water polo,Sports club or association,10528,Water sports
Water polo,Recreation club or association,1839,Water sports
Water polo,Gym/fitness club/sports/leisure centre,1933,Water sports
Water polo,Private or commercial business,0,Water sports
Water polo,Individual personal trainer or coach,1848,Water sports
Water polo,Educational institution,6907,Water sports
Waterskiing/Wakeboarding,Sports club or association,1454,Water sports
Waterskiing/Wakeboarding,Recreation club or association,934,Water sports
Waterskiing/Wakeboarding,Gym/fitness club/sports/leisure centre,0,Water sports
Waterskiing/Wakeboarding,Private or commercial business,1046,Water sports
Waterskiing/Wakeboarding,Individual personal trainer or coach,0,Water sports
Waterskiing/Wakeboarding,Educational institution,0,Water sports
Weight lifting,Sports club or association,6784,Fitness & gym
Weight lifting,Recreation club or association,2835,Fitness & gym
Weight lifting,Gym/fitness club/sports/leisure centre,14651,Fitness & gym
Weight lifting,Private or commercial business,9597,Fitness & gym
Weight lifting,Individual personal trainer or coach,12152,Fitness & gym
Weight lifting,Educational institution,3062,Fitness & gym
Wheelchair rugby,Sports club or association,520,Football codes
Wheelchair rugby,Recreation club or association,0,Football codes
Wheelchair rugby,Gym/fitness club/sports/leisure centre,0,Football codes
Wheelchair rugby,Private or commercial business,0,Football codes
Wheelchair rugby,Individual personal trainer or coach,0,Football codes
Wheelchair rugby,Educational institution,0,Football codes
Wood chopping,Sports club or association,0,Other
Wood chopping,Recreation club or association,0,Other
Wood chopping,Gym/fitness club/sports/leisure centre,0,Other
Wood chopping,Private or commercial business,0,Other
Wood chopping,Individual personal trainer or coach,0,Other
Wood chopping,Educational institution,0,Other
Wrestling,Sports club or association,3354,Combat sports & martial arts
Wrestling,Recreation club or association,487,Combat sports & martial arts
Wrestling,Gym/fitness club/sports/leisure centre,1504,Combat sports & martial arts
Wrestling,Private or commercial business,1548,Combat sports & martial arts
Wrestling,Individual personal trainer or coach,1685,Combat sports & martial arts
Wrestling,Educational institution,0,Combat sports & martial arts
Yoga,Sports club or association,16113,Fitness & gym
Yoga,Recreation club or association,26521,Fitness & gym
Yoga,Gym/fitness club/sports/leisure centre,195138,Fitness & gym
Yoga,Private or commercial business,350756,Fitness & gym
Yoga,Individual personal trainer or coach,39049,Fitness & gym
Yoga,Educational institution,18495,Fitness & gym
